[2026-07-15 12:33:27] local.ERROR: Class "App\Http\Controllers\Auth\ForgotPasswordController" does not exist {"exception":"[object] (ReflectionException(code: -1): Class \"App\\Http\\Controllers\\Auth\\ForgotPasswordController\" does not exist at /var/www/vendor/laravel/framework/src/Illuminate/Foundation/Console/RouteListCommand.php:235)
[stacktrace]
#0 /var/www/vendor/laravel/framework/src/Illuminate/Foundation/Console/RouteListCommand.php(235): ReflectionClass->__construct('App\\\\Http\\\\Contro...')
#1 /var/www/vendor/laravel/framework/src/Illuminate/Foundation/Console/RouteListCommand.php(149): Illuminate\\Foundation\\Console\\RouteListCommand->isVendorRoute(Object(Illuminate\\Routing\\Route))
#2 /var/www/vendor/laravel/framework/src/Illuminate/Foundation/Console/RouteListCommand.php(118): Illuminate\\Foundation\\Console\\RouteListCommand->getRouteInformation(Object(Illuminate\\Routing\\Route))
#3 [internal function]: Illuminate\\Foundation\\Console\\RouteListCommand->Illuminate\\Foundation\\Console\\{closure}(Object(Illuminate\\Routing\\Route), 88)
#4 /var/www/vendor/laravel/framework/src/Illuminate/Collections/Arr.php(609): array_map(Object(Closure), Array, Array)
#5 /var/www/vendor/laravel/framework/src/Illuminate/Collections/Collection.php(799): Illuminate\\Support\\Arr::map(Array, Object(Closure))
#6 /var/www/vendor/laravel/framework/src/Illuminate/Foundation/Console/RouteListCommand.php(117): Illuminate\\Support\\Collection->map(Object(Closure))
#7 /var/www/vendor/laravel/framework/src/Illuminate/Foundation/Console/RouteListCommand.php(103): Illuminate\\Foundation\\Console\\RouteListCommand->getRoutes()
#8 /var/www/vendor/laravel/framework/src/Illuminate/Container/BoundMethod.php(36): Illuminate\\Foundation\\Console\\RouteListCommand->handle()
#9 /var/www/vendor/laravel/framework/src/Illuminate/Container/Util.php(43): Illuminate\\Container\\BoundMethod::Illuminate\\Container\\{closure}()
#10 /var/www/vendor/laravel/framework/src/Illuminate/Container/BoundMethod.php(95): Illuminate\\Container\\Util::unwrapIfClosure(Object(Closure))
#11 /var/www/vendor/laravel/framework/src/Illuminate/Container/BoundMethod.php(35): Illuminate\\Container\\BoundMethod::callBoundMethod(Object(Illuminate\\Foundation\\Application), Array, Object(Closure))
#12 /var/www/vendor/laravel/framework/src/Illuminate/Container/Container.php(696): Illuminate\\Container\\BoundMethod::call(Object(Illuminate\\Foundation\\Application), Array, Array, NULL)
#13 /var/www/vendor/laravel/framework/src/Illuminate/Console/Command.php(213): Illuminate\\Container\\Container->call(Array)
#14 /var/www/vendor/symfony/console/Command/Command.php(341): Illuminate\\Console\\Command->execute(Object(Symfony\\Component\\Console\\Input\\ArgvInput), Object(Illuminate\\Console\\OutputStyle))
#15 /var/www/vendor/laravel/framework/src/Illuminate/Console/Command.php(182): Symfony\\Component\\Console\\Command\\Command->run(Object(Symfony\\Component\\Console\\Input\\ArgvInput), Object(Illuminate\\Console\\OutputStyle))
#16 /var/www/vendor/symfony/console/Application.php(1117): Illuminate\\Console\\Command->run(Object(Symfony\\Component\\Console\\Input\\ArgvInput), Object(Symfony\\Component\\Console\\Output\\ConsoleOutput))
#17 /var/www/vendor/symfony/console/Application.php(356): Symfony\\Component\\Console\\Application->doRunCommand(Object(Illuminate\\Foundation\\Console\\RouteListCommand), Object(Symfony\\Component\\Console\\Input\\ArgvInput), Object(Symfony\\Component\\Console\\Output\\ConsoleOutput))
#18 /var/www/vendor/symfony/console/Application.php(195): Symfony\\Component\\Console\\Application->doRun(Object(Symfony\\Component\\Console\\Input\\ArgvInput), Object(Symfony\\Component\\Console\\Output\\ConsoleOutput))
#19 /var/www/vendor/laravel/framework/src/Illuminate/Foundation/Console/Kernel.php(198): Symfony\\Component\\Console\\Application->run(Object(Symfony\\Component\\Console\\Input\\ArgvInput), Object(Symfony\\Component\\Console\\Output\\ConsoleOutput))
#20 /var/www/artisan(12): Illuminate\\Foundation\\Console\\Kernel->handle(Object(Symfony\\Component\\Console\\Input\\ArgvInput), Object(Symfony\\Component\\Console\\Output\\ConsoleOutput))
#21 {main}
"} 
[2026-07-15 12:33:56] local.ERROR: Class "App\Http\Controllers\Auth\ForgotPasswordController" does not exist {"exception":"[object] (ReflectionException(code: -1): Class \"App\\Http\\Controllers\\Auth\\ForgotPasswordController\" does not exist at /var/www/vendor/laravel/framework/src/Illuminate/Foundation/Console/RouteListCommand.php:235)
[stacktrace]
#0 /var/www/vendor/laravel/framework/src/Illuminate/Foundation/Console/RouteListCommand.php(235): ReflectionClass->__construct('App\\\\Http\\\\Contro...')
#1 /var/www/vendor/laravel/framework/src/Illuminate/Foundation/Console/RouteListCommand.php(149): Illuminate\\Foundation\\Console\\RouteListCommand->isVendorRoute(Object(Illuminate\\Routing\\Route))
#2 /var/www/vendor/laravel/framework/src/Illuminate/Foundation/Console/RouteListCommand.php(118): Illuminate\\Foundation\\Console\\RouteListCommand->getRouteInformation(Object(Illuminate\\Routing\\Route))
#3 [internal function]: Illuminate\\Foundation\\Console\\RouteListCommand->Illuminate\\Foundation\\Console\\{closure}(Object(Illuminate\\Routing\\Route), 88)
#4 /var/www/vendor/laravel/framework/src/Illuminate/Collections/Arr.php(609): array_map(Object(Closure), Array, Array)
#5 /var/www/vendor/laravel/framework/src/Illuminate/Collections/Collection.php(799): Illuminate\\Support\\Arr::map(Array, Object(Closure))
#6 /var/www/vendor/laravel/framework/src/Illuminate/Foundation/Console/RouteListCommand.php(117): Illuminate\\Support\\Collection->map(Object(Closure))
#7 /var/www/vendor/laravel/framework/src/Illuminate/Foundation/Console/RouteListCommand.php(103): Illuminate\\Foundation\\Console\\RouteListCommand->getRoutes()
#8 /var/www/vendor/laravel/framework/src/Illuminate/Container/BoundMethod.php(36): Illuminate\\Foundation\\Console\\RouteListCommand->handle()
#9 /var/www/vendor/laravel/framework/src/Illuminate/Container/Util.php(43): Illuminate\\Container\\BoundMethod::Illuminate\\Container\\{closure}()
#10 /var/www/vendor/laravel/framework/src/Illuminate/Container/BoundMethod.php(95): Illuminate\\Container\\Util::unwrapIfClosure(Object(Closure))
#11 /var/www/vendor/laravel/framework/src/Illuminate/Container/BoundMethod.php(35): Illuminate\\Container\\BoundMethod::callBoundMethod(Object(Illuminate\\Foundation\\Application), Array, Object(Closure))
#12 /var/www/vendor/laravel/framework/src/Illuminate/Container/Container.php(696): Illuminate\\Container\\BoundMethod::call(Object(Illuminate\\Foundation\\Application), Array, Array, NULL)
#13 /var/www/vendor/laravel/framework/src/Illuminate/Console/Command.php(213): Illuminate\\Container\\Container->call(Array)
#14 /var/www/vendor/symfony/console/Command/Command.php(341): Illuminate\\Console\\Command->execute(Object(Symfony\\Component\\Console\\Input\\ArgvInput), Object(Illuminate\\Console\\OutputStyle))
#15 /var/www/vendor/laravel/framework/src/Illuminate/Console/Command.php(182): Symfony\\Component\\Console\\Command\\Command->run(Object(Symfony\\Component\\Console\\Input\\ArgvInput), Object(Illuminate\\Console\\OutputStyle))
#16 /var/www/vendor/symfony/console/Application.php(1117): Illuminate\\Console\\Command->run(Object(Symfony\\Component\\Console\\Input\\ArgvInput), Object(Symfony\\Component\\Console\\Output\\ConsoleOutput))
#17 /var/www/vendor/symfony/console/Application.php(356): Symfony\\Component\\Console\\Application->doRunCommand(Object(Illuminate\\Foundation\\Console\\RouteListCommand), Object(Symfony\\Component\\Console\\Input\\ArgvInput), Object(Symfony\\Component\\Console\\Output\\ConsoleOutput))
#18 /var/www/vendor/symfony/console/Application.php(195): Symfony\\Component\\Console\\Application->doRun(Object(Symfony\\Component\\Console\\Input\\ArgvInput), Object(Symfony\\Component\\Console\\Output\\ConsoleOutput))
#19 /var/www/vendor/laravel/framework/src/Illuminate/Foundation/Console/Kernel.php(198): Symfony\\Component\\Console\\Application->run(Object(Symfony\\Component\\Console\\Input\\ArgvInput), Object(Symfony\\Component\\Console\\Output\\ConsoleOutput))
#20 /var/www/artisan(12): Illuminate\\Foundation\\Console\\Kernel->handle(Object(Symfony\\Component\\Console\\Input\\ArgvInput), Object(Symfony\\Component\\Console\\Output\\ConsoleOutput))
#21 {main}
"} 
[2026-07-15 12:37:21] local.ERROR: SQLSTATE[23000]: Integrity constraint violation: 1062 Duplicate entry 'admin@checkin.local' for key 'users.users_email_unique' (Connection: mysql, SQL: insert into `users` (`uuid`, `name`, `email`, `password`, `language`, `is_superadmin`, `email_verified_at`, `created_at`, `updated_at`) values (3edc8a27-1f2e-49ee-8a86-2811675fe2b1, Carlos Martínez (Admin Demo), admin@checkin.local, $2y$12$PL315TlW.bDqwyT0Hhk88.SDkB3SzLjTC8kwA0tUizK88t7Ua2yEO, es, 0, 2026-07-15 12:37:21, 2026-07-15 12:37:21, 2026-07-15 12:37:21)) {"exception":"[object] (Illuminate\\Database\\UniqueConstraintViolationException(code: 23000): SQLSTATE[23000]: Integrity constraint violation: 1062 Duplicate entry 'admin@checkin.local' for key 'users.users_email_unique' (Connection: mysql, SQL: insert into `users` (`uuid`, `name`, `email`, `password`, `language`, `is_superadmin`, `email_verified_at`, `created_at`, `updated_at`) values (3edc8a27-1f2e-49ee-8a86-2811675fe2b1, Carlos Martínez (Admin Demo), admin@checkin.local, $2y$12$PL315TlW.bDqwyT0Hhk88.SDkB3SzLjTC8kwA0tUizK88t7Ua2yEO, es, 0, 2026-07-15 12:37:21, 2026-07-15 12:37:21, 2026-07-15 12:37:21)) at /var/www/vendor/laravel/framework/src/Illuminate/Database/Connection.php:820)
[stacktrace]
#0 /var/www/vendor/laravel/framework/src/Illuminate/Database/Connection.php(779): Illuminate\\Database\\Connection->runQueryCallback('insert into `us...', Array, Object(Closure))
#1 /var/www/vendor/laravel/framework/src/Illuminate/Database/MySqlConnection.php(42): Illuminate\\Database\\Connection->run('insert into `us...', Array, Object(Closure))
#2 /var/www/vendor/laravel/framework/src/Illuminate/Database/Query/Processors/MySqlProcessor.php(35): Illuminate\\Database\\MySqlConnection->insert('insert into `us...', Array, NULL)
#3 /var/www/vendor/laravel/framework/src/Illuminate/Database/Query/Builder.php(3766): Illuminate\\Database\\Query\\Processors\\MySqlProcessor->processInsertGetId(Object(Illuminate\\Database\\Query\\Builder), 'insert into `us...', Array, NULL)
#4 /var/www/database/seeders/DemoTenantSeeder.php(45): Illuminate\\Database\\Query\\Builder->insertGetId(Array)
#5 /var/www/vendor/laravel/framework/src/Illuminate/Container/BoundMethod.php(36): Database\\Seeders\\DemoTenantSeeder->run()
#6 /var/www/vendor/laravel/framework/src/Illuminate/Container/Util.php(43): Illuminate\\Container\\BoundMethod::Illuminate\\Container\\{closure}()
#7 /var/www/vendor/laravel/framework/src/Illuminate/Container/BoundMethod.php(95): Illuminate\\Container\\Util::unwrapIfClosure(Object(Closure))
#8 /var/www/vendor/laravel/framework/src/Illuminate/Container/BoundMethod.php(35): Illuminate\\Container\\BoundMethod::callBoundMethod(Object(Illuminate\\Foundation\\Application), Array, Object(Closure))
#9 /var/www/vendor/laravel/framework/src/Illuminate/Container/Container.php(696): Illuminate\\Container\\BoundMethod::call(Object(Illuminate\\Foundation\\Application), Array, Array, NULL)
#10 /var/www/vendor/laravel/framework/src/Illuminate/Database/Seeder.php(188): Illuminate\\Container\\Container->call(Array, Array)
#11 /var/www/vendor/laravel/framework/src/Illuminate/Database/Seeder.php(197): Illuminate\\Database\\Seeder->Illuminate\\Database\\{closure}()
#12 /var/www/vendor/laravel/framework/src/Illuminate/Database/Seeder.php(61): Illuminate\\Database\\Seeder->__invoke(Array)
#13 /var/www/database/seeders/DatabaseSeeder.php(11): Illuminate\\Database\\Seeder->call('Database\\\\Seeder...')
#14 /var/www/vendor/laravel/framework/src/Illuminate/Container/BoundMethod.php(36): Database\\Seeders\\DatabaseSeeder->run()
#15 /var/www/vendor/laravel/framework/src/Illuminate/Container/Util.php(43): Illuminate\\Container\\BoundMethod::Illuminate\\Container\\{closure}()
#16 /var/www/vendor/laravel/framework/src/Illuminate/Container/BoundMethod.php(95): Illuminate\\Container\\Util::unwrapIfClosure(Object(Closure))
#17 /var/www/vendor/laravel/framework/src/Illuminate/Container/BoundMethod.php(35): Illuminate\\Container\\BoundMethod::callBoundMethod(Object(Illuminate\\Foundation\\Application), Array, Object(Closure))
#18 /var/www/vendor/laravel/framework/src/Illuminate/Container/Container.php(696): Illuminate\\Container\\BoundMethod::call(Object(Illuminate\\Foundation\\Application), Array, Array, NULL)
#19 /var/www/vendor/laravel/framework/src/Illuminate/Database/Seeder.php(188): Illuminate\\Container\\Container->call(Array, Array)
#20 /var/www/vendor/laravel/framework/src/Illuminate/Database/Seeder.php(197): Illuminate\\Database\\Seeder->Illuminate\\Database\\{closure}()
#21 /var/www/vendor/laravel/framework/src/Illuminate/Database/Console/Seeds/SeedCommand.php(70): Illuminate\\Database\\Seeder->__invoke()
#22 /var/www/vendor/laravel/framework/src/Illuminate/Database/Eloquent/Concerns/GuardsAttributes.php(155): Illuminate\\Database\\Console\\Seeds\\SeedCommand->Illuminate\\Database\\Console\\Seeds\\{closure}()
#23 /var/www/vendor/laravel/framework/src/Illuminate/Database/Console/Seeds/SeedCommand.php(69): Illuminate\\Database\\Eloquent\\Model::unguarded(Object(Closure))
#24 /var/www/vendor/laravel/framework/src/Illuminate/Container/BoundMethod.php(36): Illuminate\\Database\\Console\\Seeds\\SeedCommand->handle()
#25 /var/www/vendor/laravel/framework/src/Illuminate/Container/Util.php(43): Illuminate\\Container\\BoundMethod::Illuminate\\Container\\{closure}()
#26 /var/www/vendor/laravel/framework/src/Illuminate/Container/BoundMethod.php(95): Illuminate\\Container\\Util::unwrapIfClosure(Object(Closure))
#27 /var/www/vendor/laravel/framework/src/Illuminate/Container/BoundMethod.php(35): Illuminate\\Container\\BoundMethod::callBoundMethod(Object(Illuminate\\Foundation\\Application), Array, Object(Closure))
#28 /var/www/vendor/laravel/framework/src/Illuminate/Container/Container.php(696): Illuminate\\Container\\BoundMethod::call(Object(Illuminate\\Foundation\\Application), Array, Array, NULL)
#29 /var/www/vendor/laravel/framework/src/Illuminate/Console/Command.php(213): Illuminate\\Container\\Container->call(Array)
#30 /var/www/vendor/symfony/console/Command/Command.php(341): Illuminate\\Console\\Command->execute(Object(Symfony\\Component\\Console\\Input\\ArrayInput), Object(Illuminate\\Console\\OutputStyle))
#31 /var/www/vendor/laravel/framework/src/Illuminate/Console/Command.php(182): Symfony\\Component\\Console\\Command\\Command->run(Object(Symfony\\Component\\Console\\Input\\ArrayInput), Object(Illuminate\\Console\\OutputStyle))
#32 /var/www/vendor/laravel/framework/src/Illuminate/Console/Concerns/CallsCommands.php(68): Illuminate\\Console\\Command->run(Object(Symfony\\Component\\Console\\Input\\ArrayInput), Object(Illuminate\\Console\\OutputStyle))
#33 /var/www/vendor/laravel/framework/src/Illuminate/Console/Concerns/CallsCommands.php(29): Illuminate\\Console\\Command->runCommand('db:seed', Array, Object(Illuminate\\Console\\OutputStyle))
#34 /var/www/vendor/laravel/framework/src/Illuminate/Database/Console/Migrations/FreshCommand.php(122): Illuminate\\Console\\Command->call('db:seed', Array)
#35 /var/www/vendor/laravel/framework/src/Illuminate/Database/Console/Migrations/FreshCommand.php(98): Illuminate\\Database\\Console\\Migrations\\FreshCommand->runSeeder(NULL)
#36 /var/www/vendor/laravel/framework/src/Illuminate/Container/BoundMethod.php(36): Illuminate\\Database\\Console\\Migrations\\FreshCommand->handle()
#37 /var/www/vendor/laravel/framework/src/Illuminate/Container/Util.php(43): Illuminate\\Container\\BoundMethod::Illuminate\\Container\\{closure}()
#38 /var/www/vendor/laravel/framework/src/Illuminate/Container/BoundMethod.php(95): Illuminate\\Container\\Util::unwrapIfClosure(Object(Closure))
#39 /var/www/vendor/laravel/framework/src/Illuminate/Container/BoundMethod.php(35): Illuminate\\Container\\BoundMethod::callBoundMethod(Object(Illuminate\\Foundation\\Application), Array, Object(Closure))
#40 /var/www/vendor/laravel/framework/src/Illuminate/Container/Container.php(696): Illuminate\\Container\\BoundMethod::call(Object(Illuminate\\Foundation\\Application), Array, Array, NULL)
#41 /var/www/vendor/laravel/framework/src/Illuminate/Console/Command.php(213): Illuminate\\Container\\Container->call(Array)
#42 /var/www/vendor/symfony/console/Command/Command.php(341): Illuminate\\Console\\Command->execute(Object(Symfony\\Component\\Console\\Input\\ArgvInput), Object(Illuminate\\Console\\OutputStyle))
#43 /var/www/vendor/laravel/framework/src/Illuminate/Console/Command.php(182): Symfony\\Component\\Console\\Command\\Command->run(Object(Symfony\\Component\\Console\\Input\\ArgvInput), Object(Illuminate\\Console\\OutputStyle))
#44 /var/www/vendor/symfony/console/Application.php(1117): Illuminate\\Console\\Command->run(Object(Symfony\\Component\\Console\\Input\\ArgvInput), Object(Symfony\\Component\\Console\\Output\\ConsoleOutput))
#45 /var/www/vendor/symfony/console/Application.php(356): Symfony\\Component\\Console\\Application->doRunCommand(Object(Illuminate\\Database\\Console\\Migrations\\FreshCommand), Object(Symfony\\Component\\Console\\Input\\ArgvInput), Object(Symfony\\Component\\Console\\Output\\ConsoleOutput))
#46 /var/www/vendor/symfony/console/Application.php(195): Symfony\\Component\\Console\\Application->doRun(Object(Symfony\\Component\\Console\\Input\\ArgvInput), Object(Symfony\\Component\\Console\\Output\\ConsoleOutput))
#47 /var/www/vendor/laravel/framework/src/Illuminate/Foundation/Console/Kernel.php(198): Symfony\\Component\\Console\\Application->run(Object(Symfony\\Component\\Console\\Input\\ArgvInput), Object(Symfony\\Component\\Console\\Output\\ConsoleOutput))
#48 /var/www/artisan(12): Illuminate\\Foundation\\Console\\Kernel->handle(Object(Symfony\\Component\\Console\\Input\\ArgvInput), Object(Symfony\\Component\\Console\\Output\\ConsoleOutput))
#49 {main}

[previous exception] [object] (PDOException(code: 23000): SQLSTATE[23000]: Integrity constraint violation: 1062 Duplicate entry 'admin@checkin.local' for key 'users.users_email_unique' at /var/www/vendor/laravel/framework/src/Illuminate/Database/MySqlConnection.php:53)
[stacktrace]
#0 /var/www/vendor/laravel/framework/src/Illuminate/Database/MySqlConnection.php(53): PDOStatement->execute()
#1 /var/www/vendor/laravel/framework/src/Illuminate/Database/Connection.php(812): Illuminate\\Database\\MySqlConnection->Illuminate\\Database\\{closure}('insert into `us...', Array)
#2 /var/www/vendor/laravel/framework/src/Illuminate/Database/Connection.php(779): Illuminate\\Database\\Connection->runQueryCallback('insert into `us...', Array, Object(Closure))
#3 /var/www/vendor/laravel/framework/src/Illuminate/Database/MySqlConnection.php(42): Illuminate\\Database\\Connection->run('insert into `us...', Array, Object(Closure))
#4 /var/www/vendor/laravel/framework/src/Illuminate/Database/Query/Processors/MySqlProcessor.php(35): Illuminate\\Database\\MySqlConnection->insert('insert into `us...', Array, NULL)
#5 /var/www/vendor/laravel/framework/src/Illuminate/Database/Query/Builder.php(3766): Illuminate\\Database\\Query\\Processors\\MySqlProcessor->processInsertGetId(Object(Illuminate\\Database\\Query\\Builder), 'insert into `us...', Array, NULL)
#6 /var/www/database/seeders/DemoTenantSeeder.php(45): Illuminate\\Database\\Query\\Builder->insertGetId(Array)
#7 /var/www/vendor/laravel/framework/src/Illuminate/Container/BoundMethod.php(36): Database\\Seeders\\DemoTenantSeeder->run()
#8 /var/www/vendor/laravel/framework/src/Illuminate/Container/Util.php(43): Illuminate\\Container\\BoundMethod::Illuminate\\Container\\{closure}()
#9 /var/www/vendor/laravel/framework/src/Illuminate/Container/BoundMethod.php(95): Illuminate\\Container\\Util::unwrapIfClosure(Object(Closure))
#10 /var/www/vendor/laravel/framework/src/Illuminate/Container/BoundMethod.php(35): Illuminate\\Container\\BoundMethod::callBoundMethod(Object(Illuminate\\Foundation\\Application), Array, Object(Closure))
#11 /var/www/vendor/laravel/framework/src/Illuminate/Container/Container.php(696): Illuminate\\Container\\BoundMethod::call(Object(Illuminate\\Foundation\\Application), Array, Array, NULL)
#12 /var/www/vendor/laravel/framework/src/Illuminate/Database/Seeder.php(188): Illuminate\\Container\\Container->call(Array, Array)
#13 /var/www/vendor/laravel/framework/src/Illuminate/Database/Seeder.php(197): Illuminate\\Database\\Seeder->Illuminate\\Database\\{closure}()
#14 /var/www/vendor/laravel/framework/src/Illuminate/Database/Seeder.php(61): Illuminate\\Database\\Seeder->__invoke(Array)
#15 /var/www/database/seeders/DatabaseSeeder.php(11): Illuminate\\Database\\Seeder->call('Database\\\\Seeder...')
#16 /var/www/vendor/laravel/framework/src/Illuminate/Container/BoundMethod.php(36): Database\\Seeders\\DatabaseSeeder->run()
#17 /var/www/vendor/laravel/framework/src/Illuminate/Container/Util.php(43): Illuminate\\Container\\BoundMethod::Illuminate\\Container\\{closure}()
#18 /var/www/vendor/laravel/framework/src/Illuminate/Container/BoundMethod.php(95): Illuminate\\Container\\Util::unwrapIfClosure(Object(Closure))
#19 /var/www/vendor/laravel/framework/src/Illuminate/Container/BoundMethod.php(35): Illuminate\\Container\\BoundMethod::callBoundMethod(Object(Illuminate\\Foundation\\Application), Array, Object(Closure))
#20 /var/www/vendor/laravel/framework/src/Illuminate/Container/Container.php(696): Illuminate\\Container\\BoundMethod::call(Object(Illuminate\\Foundation\\Application), Array, Array, NULL)
#21 /var/www/vendor/laravel/framework/src/Illuminate/Database/Seeder.php(188): Illuminate\\Container\\Container->call(Array, Array)
#22 /var/www/vendor/laravel/framework/src/Illuminate/Database/Seeder.php(197): Illuminate\\Database\\Seeder->Illuminate\\Database\\{closure}()
#23 /var/www/vendor/laravel/framework/src/Illuminate/Database/Console/Seeds/SeedCommand.php(70): Illuminate\\Database\\Seeder->__invoke()
#24 /var/www/vendor/laravel/framework/src/Illuminate/Database/Eloquent/Concerns/GuardsAttributes.php(155): Illuminate\\Database\\Console\\Seeds\\SeedCommand->Illuminate\\Database\\Console\\Seeds\\{closure}()
#25 /var/www/vendor/laravel/framework/src/Illuminate/Database/Console/Seeds/SeedCommand.php(69): Illuminate\\Database\\Eloquent\\Model::unguarded(Object(Closure))
#26 /var/www/vendor/laravel/framework/src/Illuminate/Container/BoundMethod.php(36): Illuminate\\Database\\Console\\Seeds\\SeedCommand->handle()
#27 /var/www/vendor/laravel/framework/src/Illuminate/Container/Util.php(43): Illuminate\\Container\\BoundMethod::Illuminate\\Container\\{closure}()
#28 /var/www/vendor/laravel/framework/src/Illuminate/Container/BoundMethod.php(95): Illuminate\\Container\\Util::unwrapIfClosure(Object(Closure))
#29 /var/www/vendor/laravel/framework/src/Illuminate/Container/BoundMethod.php(35): Illuminate\\Container\\BoundMethod::callBoundMethod(Object(Illuminate\\Foundation\\Application), Array, Object(Closure))
#30 /var/www/vendor/laravel/framework/src/Illuminate/Container/Container.php(696): Illuminate\\Container\\BoundMethod::call(Object(Illuminate\\Foundation\\Application), Array, Array, NULL)
#31 /var/www/vendor/laravel/framework/src/Illuminate/Console/Command.php(213): Illuminate\\Container\\Container->call(Array)
#32 /var/www/vendor/symfony/console/Command/Command.php(341): Illuminate\\Console\\Command->execute(Object(Symfony\\Component\\Console\\Input\\ArrayInput), Object(Illuminate\\Console\\OutputStyle))
#33 /var/www/vendor/laravel/framework/src/Illuminate/Console/Command.php(182): Symfony\\Component\\Console\\Command\\Command->run(Object(Symfony\\Component\\Console\\Input\\ArrayInput), Object(Illuminate\\Console\\OutputStyle))
#34 /var/www/vendor/laravel/framework/src/Illuminate/Console/Concerns/CallsCommands.php(68): Illuminate\\Console\\Command->run(Object(Symfony\\Component\\Console\\Input\\ArrayInput), Object(Illuminate\\Console\\OutputStyle))
#35 /var/www/vendor/laravel/framework/src/Illuminate/Console/Concerns/CallsCommands.php(29): Illuminate\\Console\\Command->runCommand('db:seed', Array, Object(Illuminate\\Console\\OutputStyle))
#36 /var/www/vendor/laravel/framework/src/Illuminate/Database/Console/Migrations/FreshCommand.php(122): Illuminate\\Console\\Command->call('db:seed', Array)
#37 /var/www/vendor/laravel/framework/src/Illuminate/Database/Console/Migrations/FreshCommand.php(98): Illuminate\\Database\\Console\\Migrations\\FreshCommand->runSeeder(NULL)
#38 /var/www/vendor/laravel/framework/src/Illuminate/Container/BoundMethod.php(36): Illuminate\\Database\\Console\\Migrations\\FreshCommand->handle()
#39 /var/www/vendor/laravel/framework/src/Illuminate/Container/Util.php(43): Illuminate\\Container\\BoundMethod::Illuminate\\Container\\{closure}()
#40 /var/www/vendor/laravel/framework/src/Illuminate/Container/BoundMethod.php(95): Illuminate\\Container\\Util::unwrapIfClosure(Object(Closure))
#41 /var/www/vendor/laravel/framework/src/Illuminate/Container/BoundMethod.php(35): Illuminate\\Container\\BoundMethod::callBoundMethod(Object(Illuminate\\Foundation\\Application), Array, Object(Closure))
#42 /var/www/vendor/laravel/framework/src/Illuminate/Container/Container.php(696): Illuminate\\Container\\BoundMethod::call(Object(Illuminate\\Foundation\\Application), Array, Array, NULL)
#43 /var/www/vendor/laravel/framework/src/Illuminate/Console/Command.php(213): Illuminate\\Container\\Container->call(Array)
#44 /var/www/vendor/symfony/console/Command/Command.php(341): Illuminate\\Console\\Command->execute(Object(Symfony\\Component\\Console\\Input\\ArgvInput), Object(Illuminate\\Console\\OutputStyle))
#45 /var/www/vendor/laravel/framework/src/Illuminate/Console/Command.php(182): Symfony\\Component\\Console\\Command\\Command->run(Object(Symfony\\Component\\Console\\Input\\ArgvInput), Object(Illuminate\\Console\\OutputStyle))
#46 /var/www/vendor/symfony/console/Application.php(1117): Illuminate\\Console\\Command->run(Object(Symfony\\Component\\Console\\Input\\ArgvInput), Object(Symfony\\Component\\Console\\Output\\ConsoleOutput))
#47 /var/www/vendor/symfony/console/Application.php(356): Symfony\\Component\\Console\\Application->doRunCommand(Object(Illuminate\\Database\\Console\\Migrations\\FreshCommand), Object(Symfony\\Component\\Console\\Input\\ArgvInput), Object(Symfony\\Component\\Console\\Output\\ConsoleOutput))
#48 /var/www/vendor/symfony/console/Application.php(195): Symfony\\Component\\Console\\Application->doRun(Object(Symfony\\Component\\Console\\Input\\ArgvInput), Object(Symfony\\Component\\Console\\Output\\ConsoleOutput))
#49 /var/www/vendor/laravel/framework/src/Illuminate/Foundation/Console/Kernel.php(198): Symfony\\Component\\Console\\Application->run(Object(Symfony\\Component\\Console\\Input\\ArgvInput), Object(Symfony\\Component\\Console\\Output\\ConsoleOutput))
#50 /var/www/artisan(12): Illuminate\\Foundation\\Console\\Kernel->handle(Object(Symfony\\Component\\Console\\Input\\ArgvInput), Object(Symfony\\Component\\Console\\Output\\ConsoleOutput))
#51 {main}
"} 
[2026-07-15 12:39:19] local.ERROR: PHP Parse error: Syntax error, unexpected T_OBJECT_OPERATOR on line 1 {"exception":"[object] (Psy\\Exception\\ParseErrorException(code: 0): PHP Parse error: Syntax error, unexpected T_OBJECT_OPERATOR on line 1 at /var/www/vendor/psy/psysh/src/Exception/ParseErrorException.php:44)
[stacktrace]
#0 /var/www/vendor/psy/psysh/src/CodeCleaner.php(657): Psy\\Exception\\ParseErrorException::fromParseError(Object(PhpParser\\Error))
#1 /var/www/vendor/psy/psysh/src/CodeCleaner.php(273): Psy\\CodeCleaner->parse('<?php DB::table...', false)
#2 /var/www/vendor/psy/psysh/src/Shell.php(1399): Psy\\CodeCleaner->clean(Array, false)
#3 /var/www/vendor/psy/psysh/src/Shell.php(1506): Psy\\Shell->appendCode('DB::table('tena...', true, false)
#4 /var/www/vendor/psy/psysh/src/Shell.php(2215): Psy\\Shell->setCode('DB::table('tena...', true)
#5 /var/www/vendor/laravel/tinker/src/Console/TinkerCommand.php(77): Psy\\Shell->execute('DB::table('tena...')
#6 /var/www/vendor/laravel/framework/src/Illuminate/Container/BoundMethod.php(36): Laravel\\Tinker\\Console\\TinkerCommand->handle()
#7 /var/www/vendor/laravel/framework/src/Illuminate/Container/Util.php(43): Illuminate\\Container\\BoundMethod::Illuminate\\Container\\{closure}()
#8 /var/www/vendor/laravel/framework/src/Illuminate/Container/BoundMethod.php(95): Illuminate\\Container\\Util::unwrapIfClosure(Object(Closure))
#9 /var/www/vendor/laravel/framework/src/Illuminate/Container/BoundMethod.php(35): Illuminate\\Container\\BoundMethod::callBoundMethod(Object(Illuminate\\Foundation\\Application), Array, Object(Closure))
#10 /var/www/vendor/laravel/framework/src/Illuminate/Container/Container.php(696): Illuminate\\Container\\BoundMethod::call(Object(Illuminate\\Foundation\\Application), Array, Array, NULL)
#11 /var/www/vendor/laravel/framework/src/Illuminate/Console/Command.php(213): Illuminate\\Container\\Container->call(Array)
#12 /var/www/vendor/symfony/console/Command/Command.php(341): Illuminate\\Console\\Command->execute(Object(Symfony\\Component\\Console\\Input\\ArgvInput), Object(Illuminate\\Console\\OutputStyle))
#13 /var/www/vendor/laravel/framework/src/Illuminate/Console/Command.php(182): Symfony\\Component\\Console\\Command\\Command->run(Object(Symfony\\Component\\Console\\Input\\ArgvInput), Object(Illuminate\\Console\\OutputStyle))
#14 /var/www/vendor/symfony/console/Application.php(1117): Illuminate\\Console\\Command->run(Object(Symfony\\Component\\Console\\Input\\ArgvInput), Object(Symfony\\Component\\Console\\Output\\ConsoleOutput))
#15 /var/www/vendor/symfony/console/Application.php(356): Symfony\\Component\\Console\\Application->doRunCommand(Object(Laravel\\Tinker\\Console\\TinkerCommand), Object(Symfony\\Component\\Console\\Input\\ArgvInput), Object(Symfony\\Component\\Console\\Output\\ConsoleOutput))
#16 /var/www/vendor/symfony/console/Application.php(195): Symfony\\Component\\Console\\Application->doRun(Object(Symfony\\Component\\Console\\Input\\ArgvInput), Object(Symfony\\Component\\Console\\Output\\ConsoleOutput))
#17 /var/www/vendor/laravel/framework/src/Illuminate/Foundation/Console/Kernel.php(198): Symfony\\Component\\Console\\Application->run(Object(Symfony\\Component\\Console\\Input\\ArgvInput), Object(Symfony\\Component\\Console\\Output\\ConsoleOutput))
#18 /var/www/artisan(12): Illuminate\\Foundation\\Console\\Kernel->handle(Object(Symfony\\Component\\Console\\Input\\ArgvInput), Object(Symfony\\Component\\Console\\Output\\ConsoleOutput))
#19 {main}
"} 
[2026-07-15 12:41:05] local.ERROR: Command "test" is not defined.

Did you mean one of these?
    make:test
    schedule:test {"exception":"[object] (Symfony\\Component\\Console\\Exception\\CommandNotFoundException(code: 0): Command \"test\" is not defined.

Did you mean one of these?
    make:test
    schedule:test at /var/www/vendor/symfony/console/Application.php:759)
[stacktrace]
#0 /var/www/vendor/symfony/console/Application.php(298): Symfony\\Component\\Console\\Application->find('test')
#1 /var/www/vendor/symfony/console/Application.php(195): Symfony\\Component\\Console\\Application->doRun(Object(Symfony\\Component\\Console\\Input\\ArgvInput), Object(Symfony\\Component\\Console\\Output\\ConsoleOutput))
#2 /var/www/vendor/laravel/framework/src/Illuminate/Foundation/Console/Kernel.php(198): Symfony\\Component\\Console\\Application->run(Object(Symfony\\Component\\Console\\Input\\ArgvInput), Object(Symfony\\Component\\Console\\Output\\ConsoleOutput))
#3 /var/www/artisan(12): Illuminate\\Foundation\\Console\\Kernel->handle(Object(Symfony\\Component\\Console\\Input\\ArgvInput), Object(Symfony\\Component\\Console\\Output\\ConsoleOutput))
#4 {main}
"} 
[2026-07-15 13:13:29] local.ERROR: SQLSTATE[42S02]: Base table or view not found: 1146 Table 'checkin.reservations' doesn't exist (Connection: mysql, SQL: alter table `reservations` add index `reservations_ics_calendar_id_index`(`ics_calendar_id`)) {"exception":"[object] (Illuminate\\Database\\QueryException(code: 42S02): SQLSTATE[42S02]: Base table or view not found: 1146 Table 'checkin.reservations' doesn't exist (Connection: mysql, SQL: alter table `reservations` add index `reservations_ics_calendar_id_index`(`ics_calendar_id`)) at /var/www/vendor/laravel/framework/src/Illuminate/Database/Connection.php:825)
[stacktrace]
#0 /var/www/vendor/laravel/framework/src/Illuminate/Database/Connection.php(779): Illuminate\\Database\\Connection->runQueryCallback('alter table `re...', Array, Object(Closure))
#1 /var/www/vendor/laravel/framework/src/Illuminate/Database/Connection.php(560): Illuminate\\Database\\Connection->run('alter table `re...', Array, Object(Closure))
#2 /var/www/vendor/laravel/framework/src/Illuminate/Database/Schema/Blueprint.php(118): Illuminate\\Database\\Connection->statement('alter table `re...')
#3 /var/www/vendor/laravel/framework/src/Illuminate/Database/Schema/Builder.php(564): Illuminate\\Database\\Schema\\Blueprint->build(Object(Illuminate\\Database\\MySqlConnection), Object(Illuminate\\Database\\Schema\\Grammars\\MySqlGrammar))
#4 /var/www/vendor/laravel/framework/src/Illuminate/Database/Schema/Builder.php(406): Illuminate\\Database\\Schema\\Builder->build(Object(Illuminate\\Database\\Schema\\Blueprint))
#5 /var/www/vendor/laravel/framework/src/Illuminate/Support/Facades/Facade.php(361): Illuminate\\Database\\Schema\\Builder->table('reservations', Object(Closure))
#6 /var/www/database/migrations/2024_07_15_000003_add_ics_calendar_id_to_reservations.php(11): Illuminate\\Support\\Facades\\Facade::__callStatic('table', Array)
#7 /var/www/vendor/laravel/framework/src/Illuminate/Database/Migrations/Migrator.php(507): Illuminate\\Database\\Migrations\\Migration@anonymous->up()
#8 /var/www/vendor/laravel/framework/src/Illuminate/Database/Migrations/Migrator.php(432): Illuminate\\Database\\Migrations\\Migrator->runMethod(Object(Illuminate\\Database\\MySqlConnection), Object(Illuminate\\Database\\Migrations\\Migration@anonymous), 'up')
#9 /var/www/vendor/laravel/framework/src/Illuminate/Database/Migrations/Migrator.php(441): Illuminate\\Database\\Migrations\\Migrator->Illuminate\\Database\\Migrations\\{closure}()
#10 /var/www/vendor/laravel/framework/src/Illuminate/Database/Migrations/Migrator.php(244): Illuminate\\Database\\Migrations\\Migrator->runMigration(Object(Illuminate\\Database\\Migrations\\Migration@anonymous), 'up')
#11 /var/www/vendor/laravel/framework/src/Illuminate/Console/View/Components/Task.php(40): Illuminate\\Database\\Migrations\\Migrator->Illuminate\\Database\\Migrations\\{closure}()
#12 /var/www/vendor/laravel/framework/src/Illuminate/Database/Migrations/Migrator.php(798): Illuminate\\Console\\View\\Components\\Task->render('2024_07_15_0000...', Object(Closure))
#13 /var/www/vendor/laravel/framework/src/Illuminate/Database/Migrations/Migrator.php(244): Illuminate\\Database\\Migrations\\Migrator->write('Illuminate\\\\Cons...', '2024_07_15_0000...', Object(Closure))
#14 /var/www/vendor/laravel/framework/src/Illuminate/Database/Migrations/Migrator.php(211): Illuminate\\Database\\Migrations\\Migrator->runUp('/var/www/databa...', 1, false)
#15 /var/www/vendor/laravel/framework/src/Illuminate/Database/Migrations/Migrator.php(138): Illuminate\\Database\\Migrations\\Migrator->runPending(Array, Array)
#16 /var/www/vendor/laravel/framework/src/Illuminate/Database/Console/Migrations/MigrateCommand.php(117): Illuminate\\Database\\Migrations\\Migrator->run(Array, Array)
#17 /var/www/vendor/laravel/framework/src/Illuminate/Database/Migrations/Migrator.php(658): Illuminate\\Database\\Console\\Migrations\\MigrateCommand->Illuminate\\Database\\Console\\Migrations\\{closure}()
#18 /var/www/vendor/laravel/framework/src/Illuminate/Database/Console/Migrations/MigrateCommand.php(110): Illuminate\\Database\\Migrations\\Migrator->usingConnection(NULL, Object(Closure))
#19 /var/www/vendor/laravel/framework/src/Illuminate/Database/Console/Migrations/MigrateCommand.php(89): Illuminate\\Database\\Console\\Migrations\\MigrateCommand->runMigrations()
#20 /var/www/vendor/laravel/framework/src/Illuminate/Container/BoundMethod.php(36): Illuminate\\Database\\Console\\Migrations\\MigrateCommand->handle()
#21 /var/www/vendor/laravel/framework/src/Illuminate/Container/Util.php(43): Illuminate\\Container\\BoundMethod::Illuminate\\Container\\{closure}()
#22 /var/www/vendor/laravel/framework/src/Illuminate/Container/BoundMethod.php(95): Illuminate\\Container\\Util::unwrapIfClosure(Object(Closure))
#23 /var/www/vendor/laravel/framework/src/Illuminate/Container/BoundMethod.php(35): Illuminate\\Container\\BoundMethod::callBoundMethod(Object(Illuminate\\Foundation\\Application), Array, Object(Closure))
#24 /var/www/vendor/laravel/framework/src/Illuminate/Container/Container.php(696): Illuminate\\Container\\BoundMethod::call(Object(Illuminate\\Foundation\\Application), Array, Array, NULL)
#25 /var/www/vendor/laravel/framework/src/Illuminate/Console/Command.php(213): Illuminate\\Container\\Container->call(Array)
#26 /var/www/vendor/symfony/console/Command/Command.php(341): Illuminate\\Console\\Command->execute(Object(Symfony\\Component\\Console\\Input\\ArrayInput), Object(Illuminate\\Console\\OutputStyle))
#27 /var/www/vendor/laravel/framework/src/Illuminate/Console/Command.php(182): Symfony\\Component\\Console\\Command\\Command->run(Object(Symfony\\Component\\Console\\Input\\ArrayInput), Object(Illuminate\\Console\\OutputStyle))
#28 /var/www/vendor/laravel/framework/src/Illuminate/Console/Concerns/CallsCommands.php(68): Illuminate\\Console\\Command->run(Object(Symfony\\Component\\Console\\Input\\ArrayInput), Object(Illuminate\\Console\\OutputStyle))
#29 /var/www/vendor/laravel/framework/src/Illuminate/Console/Concerns/CallsCommands.php(29): Illuminate\\Console\\Command->runCommand('migrate', Array, Object(Illuminate\\Console\\OutputStyle))
#30 /var/www/vendor/laravel/framework/src/Illuminate/Database/Console/Migrations/FreshCommand.php(82): Illuminate\\Console\\Command->call('migrate', Array)
#31 /var/www/vendor/laravel/framework/src/Illuminate/Container/BoundMethod.php(36): Illuminate\\Database\\Console\\Migrations\\FreshCommand->handle()
#32 /var/www/vendor/laravel/framework/src/Illuminate/Container/Util.php(43): Illuminate\\Container\\BoundMethod::Illuminate\\Container\\{closure}()
#33 /var/www/vendor/laravel/framework/src/Illuminate/Container/BoundMethod.php(95): Illuminate\\Container\\Util::unwrapIfClosure(Object(Closure))
#34 /var/www/vendor/laravel/framework/src/Illuminate/Container/BoundMethod.php(35): Illuminate\\Container\\BoundMethod::callBoundMethod(Object(Illuminate\\Foundation\\Application), Array, Object(Closure))
#35 /var/www/vendor/laravel/framework/src/Illuminate/Container/Container.php(696): Illuminate\\Container\\BoundMethod::call(Object(Illuminate\\Foundation\\Application), Array, Array, NULL)
#36 /var/www/vendor/laravel/framework/src/Illuminate/Console/Command.php(213): Illuminate\\Container\\Container->call(Array)
#37 /var/www/vendor/symfony/console/Command/Command.php(341): Illuminate\\Console\\Command->execute(Object(Symfony\\Component\\Console\\Input\\ArgvInput), Object(Illuminate\\Console\\OutputStyle))
#38 /var/www/vendor/laravel/framework/src/Illuminate/Console/Command.php(182): Symfony\\Component\\Console\\Command\\Command->run(Object(Symfony\\Component\\Console\\Input\\ArgvInput), Object(Illuminate\\Console\\OutputStyle))
#39 /var/www/vendor/symfony/console/Application.php(1117): Illuminate\\Console\\Command->run(Object(Symfony\\Component\\Console\\Input\\ArgvInput), Object(Symfony\\Component\\Console\\Output\\ConsoleOutput))
#40 /var/www/vendor/symfony/console/Application.php(356): Symfony\\Component\\Console\\Application->doRunCommand(Object(Illuminate\\Database\\Console\\Migrations\\FreshCommand), Object(Symfony\\Component\\Console\\Input\\ArgvInput), Object(Symfony\\Component\\Console\\Output\\ConsoleOutput))
#41 /var/www/vendor/symfony/console/Application.php(195): Symfony\\Component\\Console\\Application->doRun(Object(Symfony\\Component\\Console\\Input\\ArgvInput), Object(Symfony\\Component\\Console\\Output\\ConsoleOutput))
#42 /var/www/vendor/laravel/framework/src/Illuminate/Foundation/Console/Kernel.php(198): Symfony\\Component\\Console\\Application->run(Object(Symfony\\Component\\Console\\Input\\ArgvInput), Object(Symfony\\Component\\Console\\Output\\ConsoleOutput))
#43 /var/www/artisan(12): Illuminate\\Foundation\\Console\\Kernel->handle(Object(Symfony\\Component\\Console\\Input\\ArgvInput), Object(Symfony\\Component\\Console\\Output\\ConsoleOutput))
#44 {main}

[previous exception] [object] (PDOException(code: 42S02): SQLSTATE[42S02]: Base table or view not found: 1146 Table 'checkin.reservations' doesn't exist at /var/www/vendor/laravel/framework/src/Illuminate/Database/Connection.php:571)
[stacktrace]
#0 /var/www/vendor/laravel/framework/src/Illuminate/Database/Connection.php(571): PDOStatement->execute()
#1 /var/www/vendor/laravel/framework/src/Illuminate/Database/Connection.php(812): Illuminate\\Database\\Connection->Illuminate\\Database\\{closure}('alter table `re...', Array)
#2 /var/www/vendor/laravel/framework/src/Illuminate/Database/Connection.php(779): Illuminate\\Database\\Connection->runQueryCallback('alter table `re...', Array, Object(Closure))
#3 /var/www/vendor/laravel/framework/src/Illuminate/Database/Connection.php(560): Illuminate\\Database\\Connection->run('alter table `re...', Array, Object(Closure))
#4 /var/www/vendor/laravel/framework/src/Illuminate/Database/Schema/Blueprint.php(118): Illuminate\\Database\\Connection->statement('alter table `re...')
#5 /var/www/vendor/laravel/framework/src/Illuminate/Database/Schema/Builder.php(564): Illuminate\\Database\\Schema\\Blueprint->build(Object(Illuminate\\Database\\MySqlConnection), Object(Illuminate\\Database\\Schema\\Grammars\\MySqlGrammar))
#6 /var/www/vendor/laravel/framework/src/Illuminate/Database/Schema/Builder.php(406): Illuminate\\Database\\Schema\\Builder->build(Object(Illuminate\\Database\\Schema\\Blueprint))
#7 /var/www/vendor/laravel/framework/src/Illuminate/Support/Facades/Facade.php(361): Illuminate\\Database\\Schema\\Builder->table('reservations', Object(Closure))
#8 /var/www/database/migrations/2024_07_15_000003_add_ics_calendar_id_to_reservations.php(11): Illuminate\\Support\\Facades\\Facade::__callStatic('table', Array)
#9 /var/www/vendor/laravel/framework/src/Illuminate/Database/Migrations/Migrator.php(507): Illuminate\\Database\\Migrations\\Migration@anonymous->up()
#10 /var/www/vendor/laravel/framework/src/Illuminate/Database/Migrations/Migrator.php(432): Illuminate\\Database\\Migrations\\Migrator->runMethod(Object(Illuminate\\Database\\MySqlConnection), Object(Illuminate\\Database\\Migrations\\Migration@anonymous), 'up')
#11 /var/www/vendor/laravel/framework/src/Illuminate/Database/Migrations/Migrator.php(441): Illuminate\\Database\\Migrations\\Migrator->Illuminate\\Database\\Migrations\\{closure}()
#12 /var/www/vendor/laravel/framework/src/Illuminate/Database/Migrations/Migrator.php(244): Illuminate\\Database\\Migrations\\Migrator->runMigration(Object(Illuminate\\Database\\Migrations\\Migration@anonymous), 'up')
#13 /var/www/vendor/laravel/framework/src/Illuminate/Console/View/Components/Task.php(40): Illuminate\\Database\\Migrations\\Migrator->Illuminate\\Database\\Migrations\\{closure}()
#14 /var/www/vendor/laravel/framework/src/Illuminate/Database/Migrations/Migrator.php(798): Illuminate\\Console\\View\\Components\\Task->render('2024_07_15_0000...', Object(Closure))
#15 /var/www/vendor/laravel/framework/src/Illuminate/Database/Migrations/Migrator.php(244): Illuminate\\Database\\Migrations\\Migrator->write('Illuminate\\\\Cons...', '2024_07_15_0000...', Object(Closure))
#16 /var/www/vendor/laravel/framework/src/Illuminate/Database/Migrations/Migrator.php(211): Illuminate\\Database\\Migrations\\Migrator->runUp('/var/www/databa...', 1, false)
#17 /var/www/vendor/laravel/framework/src/Illuminate/Database/Migrations/Migrator.php(138): Illuminate\\Database\\Migrations\\Migrator->runPending(Array, Array)
#18 /var/www/vendor/laravel/framework/src/Illuminate/Database/Console/Migrations/MigrateCommand.php(117): Illuminate\\Database\\Migrations\\Migrator->run(Array, Array)
#19 /var/www/vendor/laravel/framework/src/Illuminate/Database/Migrations/Migrator.php(658): Illuminate\\Database\\Console\\Migrations\\MigrateCommand->Illuminate\\Database\\Console\\Migrations\\{closure}()
#20 /var/www/vendor/laravel/framework/src/Illuminate/Database/Console/Migrations/MigrateCommand.php(110): Illuminate\\Database\\Migrations\\Migrator->usingConnection(NULL, Object(Closure))
#21 /var/www/vendor/laravel/framework/src/Illuminate/Database/Console/Migrations/MigrateCommand.php(89): Illuminate\\Database\\Console\\Migrations\\MigrateCommand->runMigrations()
#22 /var/www/vendor/laravel/framework/src/Illuminate/Container/BoundMethod.php(36): Illuminate\\Database\\Console\\Migrations\\MigrateCommand->handle()
#23 /var/www/vendor/laravel/framework/src/Illuminate/Container/Util.php(43): Illuminate\\Container\\BoundMethod::Illuminate\\Container\\{closure}()
#24 /var/www/vendor/laravel/framework/src/Illuminate/Container/BoundMethod.php(95): Illuminate\\Container\\Util::unwrapIfClosure(Object(Closure))
#25 /var/www/vendor/laravel/framework/src/Illuminate/Container/BoundMethod.php(35): Illuminate\\Container\\BoundMethod::callBoundMethod(Object(Illuminate\\Foundation\\Application), Array, Object(Closure))
#26 /var/www/vendor/laravel/framework/src/Illuminate/Container/Container.php(696): Illuminate\\Container\\BoundMethod::call(Object(Illuminate\\Foundation\\Application), Array, Array, NULL)
#27 /var/www/vendor/laravel/framework/src/Illuminate/Console/Command.php(213): Illuminate\\Container\\Container->call(Array)
#28 /var/www/vendor/symfony/console/Command/Command.php(341): Illuminate\\Console\\Command->execute(Object(Symfony\\Component\\Console\\Input\\ArrayInput), Object(Illuminate\\Console\\OutputStyle))
#29 /var/www/vendor/laravel/framework/src/Illuminate/Console/Command.php(182): Symfony\\Component\\Console\\Command\\Command->run(Object(Symfony\\Component\\Console\\Input\\ArrayInput), Object(Illuminate\\Console\\OutputStyle))
#30 /var/www/vendor/laravel/framework/src/Illuminate/Console/Concerns/CallsCommands.php(68): Illuminate\\Console\\Command->run(Object(Symfony\\Component\\Console\\Input\\ArrayInput), Object(Illuminate\\Console\\OutputStyle))
#31 /var/www/vendor/laravel/framework/src/Illuminate/Console/Concerns/CallsCommands.php(29): Illuminate\\Console\\Command->runCommand('migrate', Array, Object(Illuminate\\Console\\OutputStyle))
#32 /var/www/vendor/laravel/framework/src/Illuminate/Database/Console/Migrations/FreshCommand.php(82): Illuminate\\Console\\Command->call('migrate', Array)
#33 /var/www/vendor/laravel/framework/src/Illuminate/Container/BoundMethod.php(36): Illuminate\\Database\\Console\\Migrations\\FreshCommand->handle()
#34 /var/www/vendor/laravel/framework/src/Illuminate/Container/Util.php(43): Illuminate\\Container\\BoundMethod::Illuminate\\Container\\{closure}()
#35 /var/www/vendor/laravel/framework/src/Illuminate/Container/BoundMethod.php(95): Illuminate\\Container\\Util::unwrapIfClosure(Object(Closure))
#36 /var/www/vendor/laravel/framework/src/Illuminate/Container/BoundMethod.php(35): Illuminate\\Container\\BoundMethod::callBoundMethod(Object(Illuminate\\Foundation\\Application), Array, Object(Closure))
#37 /var/www/vendor/laravel/framework/src/Illuminate/Container/Container.php(696): Illuminate\\Container\\BoundMethod::call(Object(Illuminate\\Foundation\\Application), Array, Array, NULL)
#38 /var/www/vendor/laravel/framework/src/Illuminate/Console/Command.php(213): Illuminate\\Container\\Container->call(Array)
#39 /var/www/vendor/symfony/console/Command/Command.php(341): Illuminate\\Console\\Command->execute(Object(Symfony\\Component\\Console\\Input\\ArgvInput), Object(Illuminate\\Console\\OutputStyle))
#40 /var/www/vendor/laravel/framework/src/Illuminate/Console/Command.php(182): Symfony\\Component\\Console\\Command\\Command->run(Object(Symfony\\Component\\Console\\Input\\ArgvInput), Object(Illuminate\\Console\\OutputStyle))
#41 /var/www/vendor/symfony/console/Application.php(1117): Illuminate\\Console\\Command->run(Object(Symfony\\Component\\Console\\Input\\ArgvInput), Object(Symfony\\Component\\Console\\Output\\ConsoleOutput))
#42 /var/www/vendor/symfony/console/Application.php(356): Symfony\\Component\\Console\\Application->doRunCommand(Object(Illuminate\\Database\\Console\\Migrations\\FreshCommand), Object(Symfony\\Component\\Console\\Input\\ArgvInput), Object(Symfony\\Component\\Console\\Output\\ConsoleOutput))
#43 /var/www/vendor/symfony/console/Application.php(195): Symfony\\Component\\Console\\Application->doRun(Object(Symfony\\Component\\Console\\Input\\ArgvInput), Object(Symfony\\Component\\Console\\Output\\ConsoleOutput))
#44 /var/www/vendor/laravel/framework/src/Illuminate/Foundation/Console/Kernel.php(198): Symfony\\Component\\Console\\Application->run(Object(Symfony\\Component\\Console\\Input\\ArgvInput), Object(Symfony\\Component\\Console\\Output\\ConsoleOutput))
#45 /var/www/artisan(12): Illuminate\\Foundation\\Console\\Kernel->handle(Object(Symfony\\Component\\Console\\Input\\ArgvInput), Object(Symfony\\Component\\Console\\Output\\ConsoleOutput))
#46 {main}
"} 
[2026-07-15 13:33:21] local.ERROR: PHP Parse error: Syntax error, unexpected T_NS_SEPARATOR on line 2 {"exception":"[object] (Psy\\Exception\\ParseErrorException(code: 0): PHP Parse error: Syntax error, unexpected T_NS_SEPARATOR on line 2 at /var/www/vendor/psy/psysh/src/Exception/ParseErrorException.php:44)
[stacktrace]
#0 /var/www/vendor/psy/psysh/src/CodeCleaner.php(657): Psy\\Exception\\ParseErrorException::fromParseError(Object(PhpParser\\Error))
#1 /var/www/vendor/psy/psysh/src/CodeCleaner.php(273): Psy\\CodeCleaner->parse('<?php \\n\\\\ = Illu...', false)
#2 /var/www/vendor/psy/psysh/src/Shell.php(1399): Psy\\CodeCleaner->clean(Array, false)
#3 /var/www/vendor/psy/psysh/src/Shell.php(1506): Psy\\Shell->appendCode('\\n\\\\ = Illuminate...', true, false)
#4 /var/www/vendor/psy/psysh/src/Shell.php(2215): Psy\\Shell->setCode('\\n\\\\ = Illuminate...', true)
#5 /var/www/vendor/laravel/tinker/src/Console/TinkerCommand.php(77): Psy\\Shell->execute('\\n\\\\ = Illuminate...')
#6 /var/www/vendor/laravel/framework/src/Illuminate/Container/BoundMethod.php(36): Laravel\\Tinker\\Console\\TinkerCommand->handle()
#7 /var/www/vendor/laravel/framework/src/Illuminate/Container/Util.php(43): Illuminate\\Container\\BoundMethod::Illuminate\\Container\\{closure}()
#8 /var/www/vendor/laravel/framework/src/Illuminate/Container/BoundMethod.php(95): Illuminate\\Container\\Util::unwrapIfClosure(Object(Closure))
#9 /var/www/vendor/laravel/framework/src/Illuminate/Container/BoundMethod.php(35): Illuminate\\Container\\BoundMethod::callBoundMethod(Object(Illuminate\\Foundation\\Application), Array, Object(Closure))
#10 /var/www/vendor/laravel/framework/src/Illuminate/Container/Container.php(696): Illuminate\\Container\\BoundMethod::call(Object(Illuminate\\Foundation\\Application), Array, Array, NULL)
#11 /var/www/vendor/laravel/framework/src/Illuminate/Console/Command.php(213): Illuminate\\Container\\Container->call(Array)
#12 /var/www/vendor/symfony/console/Command/Command.php(341): Illuminate\\Console\\Command->execute(Object(Symfony\\Component\\Console\\Input\\ArgvInput), Object(Illuminate\\Console\\OutputStyle))
#13 /var/www/vendor/laravel/framework/src/Illuminate/Console/Command.php(182): Symfony\\Component\\Console\\Command\\Command->run(Object(Symfony\\Component\\Console\\Input\\ArgvInput), Object(Illuminate\\Console\\OutputStyle))
#14 /var/www/vendor/symfony/console/Application.php(1117): Illuminate\\Console\\Command->run(Object(Symfony\\Component\\Console\\Input\\ArgvInput), Object(Symfony\\Component\\Console\\Output\\ConsoleOutput))
#15 /var/www/vendor/symfony/console/Application.php(356): Symfony\\Component\\Console\\Application->doRunCommand(Object(Laravel\\Tinker\\Console\\TinkerCommand), Object(Symfony\\Component\\Console\\Input\\ArgvInput), Object(Symfony\\Component\\Console\\Output\\ConsoleOutput))
#16 /var/www/vendor/symfony/console/Application.php(195): Symfony\\Component\\Console\\Application->doRun(Object(Symfony\\Component\\Console\\Input\\ArgvInput), Object(Symfony\\Component\\Console\\Output\\ConsoleOutput))
#17 /var/www/vendor/laravel/framework/src/Illuminate/Foundation/Console/Kernel.php(198): Symfony\\Component\\Console\\Application->run(Object(Symfony\\Component\\Console\\Input\\ArgvInput), Object(Symfony\\Component\\Console\\Output\\ConsoleOutput))
#18 /var/www/artisan(12): Illuminate\\Foundation\\Console\\Kernel->handle(Object(Symfony\\Component\\Console\\Input\\ArgvInput), Object(Symfony\\Component\\Console\\Output\\ConsoleOutput))
#19 {main}
"} 
[2026-07-15 13:33:35] local.ERROR: PHP Parse error: Syntax error, unexpected T_NS_SEPARATOR on line 3 {"exception":"[object] (Psy\\Exception\\ParseErrorException(code: 0): PHP Parse error: Syntax error, unexpected T_NS_SEPARATOR on line 3 at /var/www/vendor/psy/psysh/src/Exception/ParseErrorException.php:44)
[stacktrace]
#0 /var/www/vendor/psy/psysh/src/CodeCleaner.php(657): Psy\\Exception\\ParseErrorException::fromParseError(Object(PhpParser\\Error))
#1 /var/www/vendor/psy/psysh/src/CodeCleaner.php(273): Psy\\CodeCleaner->parse('<?php \\nuse Illu...', false)
#2 /var/www/vendor/psy/psysh/src/Shell.php(1399): Psy\\CodeCleaner->clean(Array, false)
#3 /var/www/vendor/psy/psysh/src/Shell.php(1506): Psy\\Shell->appendCode('\\nuse Illuminate...', true, false)
#4 /var/www/vendor/psy/psysh/src/Shell.php(2215): Psy\\Shell->setCode('\\nuse Illuminate...', true)
#5 /var/www/vendor/laravel/tinker/src/Console/TinkerCommand.php(77): Psy\\Shell->execute('\\nuse Illuminate...')
#6 /var/www/vendor/laravel/framework/src/Illuminate/Container/BoundMethod.php(36): Laravel\\Tinker\\Console\\TinkerCommand->handle()
#7 /var/www/vendor/laravel/framework/src/Illuminate/Container/Util.php(43): Illuminate\\Container\\BoundMethod::Illuminate\\Container\\{closure}()
#8 /var/www/vendor/laravel/framework/src/Illuminate/Container/BoundMethod.php(95): Illuminate\\Container\\Util::unwrapIfClosure(Object(Closure))
#9 /var/www/vendor/laravel/framework/src/Illuminate/Container/BoundMethod.php(35): Illuminate\\Container\\BoundMethod::callBoundMethod(Object(Illuminate\\Foundation\\Application), Array, Object(Closure))
#10 /var/www/vendor/laravel/framework/src/Illuminate/Container/Container.php(696): Illuminate\\Container\\BoundMethod::call(Object(Illuminate\\Foundation\\Application), Array, Array, NULL)
#11 /var/www/vendor/laravel/framework/src/Illuminate/Console/Command.php(213): Illuminate\\Container\\Container->call(Array)
#12 /var/www/vendor/symfony/console/Command/Command.php(341): Illuminate\\Console\\Command->execute(Object(Symfony\\Component\\Console\\Input\\ArgvInput), Object(Illuminate\\Console\\OutputStyle))
#13 /var/www/vendor/laravel/framework/src/Illuminate/Console/Command.php(182): Symfony\\Component\\Console\\Command\\Command->run(Object(Symfony\\Component\\Console\\Input\\ArgvInput), Object(Illuminate\\Console\\OutputStyle))
#14 /var/www/vendor/symfony/console/Application.php(1117): Illuminate\\Console\\Command->run(Object(Symfony\\Component\\Console\\Input\\ArgvInput), Object(Symfony\\Component\\Console\\Output\\ConsoleOutput))
#15 /var/www/vendor/symfony/console/Application.php(356): Symfony\\Component\\Console\\Application->doRunCommand(Object(Laravel\\Tinker\\Console\\TinkerCommand), Object(Symfony\\Component\\Console\\Input\\ArgvInput), Object(Symfony\\Component\\Console\\Output\\ConsoleOutput))
#16 /var/www/vendor/symfony/console/Application.php(195): Symfony\\Component\\Console\\Application->doRun(Object(Symfony\\Component\\Console\\Input\\ArgvInput), Object(Symfony\\Component\\Console\\Output\\ConsoleOutput))
#17 /var/www/vendor/laravel/framework/src/Illuminate/Foundation/Console/Kernel.php(198): Symfony\\Component\\Console\\Application->run(Object(Symfony\\Component\\Console\\Input\\ArgvInput), Object(Symfony\\Component\\Console\\Output\\ConsoleOutput))
#18 /var/www/artisan(12): Illuminate\\Foundation\\Console\\Kernel->handle(Object(Symfony\\Component\\Console\\Input\\ArgvInput), Object(Symfony\\Component\\Console\\Output\\ConsoleOutput))
#19 {main}
"} 
[2026-07-15 13:38:53] local.ERROR: SQLSTATE[42S22]: Column not found: 1054 Unknown column 'ics_calendars.deleted_at' in 'where clause' (Connection: mysql, SQL: select * from `ics_calendars` where `tenant_id` = 2 and `ics_calendars`.`tenant_id` = 2 and `ics_calendars`.`deleted_at` is null) {"userId":4,"exception":"[object] (Illuminate\\Database\\QueryException(code: 42S22): SQLSTATE[42S22]: Column not found: 1054 Unknown column 'ics_calendars.deleted_at' in 'where clause' (Connection: mysql, SQL: select * from `ics_calendars` where `tenant_id` = 2 and `ics_calendars`.`tenant_id` = 2 and `ics_calendars`.`deleted_at` is null) at /var/www/vendor/laravel/framework/src/Illuminate/Database/Connection.php:825)
[stacktrace]
#0 /var/www/vendor/laravel/framework/src/Illuminate/Database/Connection.php(779): Illuminate\\Database\\Connection->runQueryCallback('select * from `...', Array, Object(Closure))
#1 /var/www/vendor/laravel/framework/src/Illuminate/Database/Connection.php(398): Illuminate\\Database\\Connection->run('select * from `...', Array, Object(Closure))
#2 /var/www/vendor/laravel/framework/src/Illuminate/Database/Query/Builder.php(3106): Illuminate\\Database\\Connection->select('select * from `...', Array, true)
#3 /var/www/vendor/laravel/framework/src/Illuminate/Database/Query/Builder.php(3091): Illuminate\\Database\\Query\\Builder->runSelect()
#4 /var/www/vendor/laravel/framework/src/Illuminate/Database/Query/Builder.php(3676): Illuminate\\Database\\Query\\Builder->Illuminate\\Database\\Query\\{closure}()
#5 /var/www/vendor/laravel/framework/src/Illuminate/Database/Query/Builder.php(3090): Illuminate\\Database\\Query\\Builder->onceWithColumns(Array, Object(Closure))
#6 /var/www/vendor/laravel/framework/src/Illuminate/Database/Eloquent/Builder.php(811): Illuminate\\Database\\Query\\Builder->get(Array)
#7 /var/www/vendor/laravel/framework/src/Illuminate/Database/Eloquent/Builder.php(793): Illuminate\\Database\\Eloquent\\Builder->getModels(Array)
#8 /var/www/app/Http/Controllers/Integration/IntegrationController.php(27): Illuminate\\Database\\Eloquent\\Builder->get()
#9 /var/www/vendor/laravel/framework/src/Illuminate/Routing/Controller.php(54): App\\Http\\Controllers\\Integration\\IntegrationController->index()
#10 /var/www/vendor/laravel/framework/src/Illuminate/Routing/ControllerDispatcher.php(44): Illuminate\\Routing\\Controller->callAction('index', Array)
#11 /var/www/vendor/laravel/framework/src/Illuminate/Routing/Route.php(266): Illuminate\\Routing\\ControllerDispatcher->dispatch(Object(Illuminate\\Routing\\Route), Object(App\\Http\\Controllers\\Integration\\IntegrationController), 'index')
#12 /var/www/vendor/laravel/framework/src/Illuminate/Routing/Route.php(212): Illuminate\\Routing\\Route->runController()
#13 /var/www/vendor/laravel/framework/src/Illuminate/Routing/Router.php(808): Illuminate\\Routing\\Route->run()
#14 /var/www/vendor/laravel/framework/src/Illuminate/Pipeline/Pipeline.php(170): Illuminate\\Routing\\Router->Illuminate\\Routing\\{closure}(Object(Illuminate\\Http\\Request))
#15 /var/www/app/Http/Middleware/TenantScope.php(25): Illuminate\\Pipeline\\Pipeline->Illuminate\\Pipeline\\{closure}(Object(Illuminate\\Http\\Request))
#16 /var/www/vendor/laravel/framework/src/Illuminate/Pipeline/Pipeline.php(209): App\\Http\\Middleware\\TenantScope->handle(Object(Illuminate\\Http\\Request), Object(Closure))
#17 /var/www/app/Http/Middleware/SetTenant.php(36): Illuminate\\Pipeline\\Pipeline->Illuminate\\Pipeline\\{closure}(Object(Illuminate\\Http\\Request))
#18 /var/www/vendor/laravel/framework/src/Illuminate/Pipeline/Pipeline.php(209): App\\Http\\Middleware\\SetTenant->handle(Object(Illuminate\\Http\\Request), Object(Closure))
#19 /var/www/vendor/laravel/framework/src/Illuminate/Routing/Middleware/SubstituteBindings.php(51): Illuminate\\Pipeline\\Pipeline->Illuminate\\Pipeline\\{closure}(Object(Illuminate\\Http\\Request))
#20 /var/www/vendor/laravel/framework/src/Illuminate/Pipeline/Pipeline.php(209): Illuminate\\Routing\\Middleware\\SubstituteBindings->handle(Object(Illuminate\\Http\\Request), Object(Closure))
#21 /var/www/vendor/laravel/framework/src/Illuminate/Auth/Middleware/Authenticate.php(64): Illuminate\\Pipeline\\Pipeline->Illuminate\\Pipeline\\{closure}(Object(Illuminate\\Http\\Request))
#22 /var/www/vendor/laravel/framework/src/Illuminate/Pipeline/Pipeline.php(209): Illuminate\\Auth\\Middleware\\Authenticate->handle(Object(Illuminate\\Http\\Request), Object(Closure))
#23 /var/www/vendor/laravel/framework/src/Illuminate/Foundation/Http/Middleware/VerifyCsrfToken.php(88): Illuminate\\Pipeline\\Pipeline->Illuminate\\Pipeline\\{closure}(Object(Illuminate\\Http\\Request))
#24 /var/www/vendor/laravel/framework/src/Illuminate/Pipeline/Pipeline.php(209): Illuminate\\Foundation\\Http\\Middleware\\VerifyCsrfToken->handle(Object(Illuminate\\Http\\Request), Object(Closure))
#25 /var/www/vendor/laravel/framework/src/Illuminate/View/Middleware/ShareErrorsFromSession.php(49): Illuminate\\Pipeline\\Pipeline->Illuminate\\Pipeline\\{closure}(Object(Illuminate\\Http\\Request))
#26 /var/www/vendor/laravel/framework/src/Illuminate/Pipeline/Pipeline.php(209): Illuminate\\View\\Middleware\\ShareErrorsFromSession->handle(Object(Illuminate\\Http\\Request), Object(Closure))
#27 /var/www/vendor/laravel/framework/src/Illuminate/Session/Middleware/StartSession.php(121): Illuminate\\Pipeline\\Pipeline->Illuminate\\Pipeline\\{closure}(Object(Illuminate\\Http\\Request))
#28 /var/www/vendor/laravel/framework/src/Illuminate/Session/Middleware/StartSession.php(64): Illuminate\\Session\\Middleware\\StartSession->handleStatefulRequest(Object(Illuminate\\Http\\Request), Object(Illuminate\\Session\\Store), Object(Closure))
#29 /var/www/vendor/laravel/framework/src/Illuminate/Pipeline/Pipeline.php(209): Illuminate\\Session\\Middleware\\StartSession->handle(Object(Illuminate\\Http\\Request), Object(Closure))
#30 /var/www/vendor/laravel/framework/src/Illuminate/Cookie/Middleware/AddQueuedCookiesToResponse.php(37): Illuminate\\Pipeline\\Pipeline->Illuminate\\Pipeline\\{closure}(Object(Illuminate\\Http\\Request))
#31 /var/www/vendor/laravel/framework/src/Illuminate/Pipeline/Pipeline.php(209): Illuminate\\Cookie\\Middleware\\AddQueuedCookiesToResponse->handle(Object(Illuminate\\Http\\Request), Object(Closure))
#32 /var/www/vendor/laravel/framework/src/Illuminate/Cookie/Middleware/EncryptCookies.php(75): Illuminate\\Pipeline\\Pipeline->Illuminate\\Pipeline\\{closure}(Object(Illuminate\\Http\\Request))
#33 /var/www/vendor/laravel/framework/src/Illuminate/Pipeline/Pipeline.php(209): Illuminate\\Cookie\\Middleware\\EncryptCookies->handle(Object(Illuminate\\Http\\Request), Object(Closure))
#34 /var/www/vendor/laravel/framework/src/Illuminate/Pipeline/Pipeline.php(127): Illuminate\\Pipeline\\Pipeline->Illuminate\\Pipeline\\{closure}(Object(Illuminate\\Http\\Request))
#35 /var/www/vendor/laravel/framework/src/Illuminate/Routing/Router.php(807): Illuminate\\Pipeline\\Pipeline->then(Object(Closure))
#36 /var/www/vendor/laravel/framework/src/Illuminate/Routing/Router.php(786): Illuminate\\Routing\\Router->runRouteWithinStack(Object(Illuminate\\Routing\\Route), Object(Illuminate\\Http\\Request))
#37 /var/www/vendor/laravel/framework/src/Illuminate/Routing/Router.php(750): Illuminate\\Routing\\Router->runRoute(Object(Illuminate\\Http\\Request), Object(Illuminate\\Routing\\Route))
#38 /var/www/vendor/laravel/framework/src/Illuminate/Routing/Router.php(739): Illuminate\\Routing\\Router->dispatchToRoute(Object(Illuminate\\Http\\Request))
#39 /var/www/vendor/laravel/framework/src/Illuminate/Foundation/Http/Kernel.php(201): Illuminate\\Routing\\Router->dispatch(Object(Illuminate\\Http\\Request))
#40 /var/www/vendor/laravel/framework/src/Illuminate/Pipeline/Pipeline.php(170): Illuminate\\Foundation\\Http\\Kernel->Illuminate\\Foundation\\Http\\{closure}(Object(Illuminate\\Http\\Request))
#41 /var/www/vendor/livewire/livewire/src/Features/SupportDisablingBackButtonCache/DisableBackButtonCacheMiddleware.php(19): Illuminate\\Pipeline\\Pipeline->Illuminate\\Pipeline\\{closure}(Object(Illuminate\\Http\\Request))
#42 /var/www/vendor/laravel/framework/src/Illuminate/Pipeline/Pipeline.php(209): Livewire\\Features\\SupportDisablingBackButtonCache\\DisableBackButtonCacheMiddleware->handle(Object(Illuminate\\Http\\Request), Object(Closure))
#43 /var/www/vendor/laravel/framework/src/Illuminate/Foundation/Http/Middleware/TransformsRequest.php(21): Illuminate\\Pipeline\\Pipeline->Illuminate\\Pipeline\\{closure}(Object(Illuminate\\Http\\Request))
#44 /var/www/vendor/laravel/framework/src/Illuminate/Foundation/Http/Middleware/ConvertEmptyStringsToNull.php(31): Illuminate\\Foundation\\Http\\Middleware\\TransformsRequest->handle(Object(Illuminate\\Http\\Request), Object(Closure))
#45 /var/www/vendor/laravel/framework/src/Illuminate/Pipeline/Pipeline.php(209): Illuminate\\Foundation\\Http\\Middleware\\ConvertEmptyStringsToNull->handle(Object(Illuminate\\Http\\Request), Object(Closure))
#46 /var/www/vendor/laravel/framework/src/Illuminate/Foundation/Http/Middleware/TransformsRequest.php(21): Illuminate\\Pipeline\\Pipeline->Illuminate\\Pipeline\\{closure}(Object(Illuminate\\Http\\Request))
#47 /var/www/vendor/laravel/framework/src/Illuminate/Foundation/Http/Middleware/TrimStrings.php(51): Illuminate\\Foundation\\Http\\Middleware\\TransformsRequest->handle(Object(Illuminate\\Http\\Request), Object(Closure))
#48 /var/www/vendor/laravel/framework/src/Illuminate/Pipeline/Pipeline.php(209): Illuminate\\Foundation\\Http\\Middleware\\TrimStrings->handle(Object(Illuminate\\Http\\Request), Object(Closure))
#49 /var/www/vendor/laravel/framework/src/Illuminate/Http/Middleware/ValidatePostSize.php(27): Illuminate\\Pipeline\\Pipeline->Illuminate\\Pipeline\\{closure}(Object(Illuminate\\Http\\Request))
#50 /var/www/vendor/laravel/framework/src/Illuminate/Pipeline/Pipeline.php(209): Illuminate\\Http\\Middleware\\ValidatePostSize->handle(Object(Illuminate\\Http\\Request), Object(Closure))
#51 /var/www/vendor/laravel/framework/src/Illuminate/Foundation/Http/Middleware/PreventRequestsDuringMaintenance.php(110): Illuminate\\Pipeline\\Pipeline->Illuminate\\Pipeline\\{closure}(Object(Illuminate\\Http\\Request))
#52 /var/www/vendor/laravel/framework/src/Illuminate/Pipeline/Pipeline.php(209): Illuminate\\Foundation\\Http\\Middleware\\PreventRequestsDuringMaintenance->handle(Object(Illuminate\\Http\\Request), Object(Closure))
#53 /var/www/vendor/laravel/framework/src/Illuminate/Http/Middleware/HandleCors.php(49): Illuminate\\Pipeline\\Pipeline->Illuminate\\Pipeline\\{closure}(Object(Illuminate\\Http\\Request))
#54 /var/www/vendor/laravel/framework/src/Illuminate/Pipeline/Pipeline.php(209): Illuminate\\Http\\Middleware\\HandleCors->handle(Object(Illuminate\\Http\\Request), Object(Closure))
#55 /var/www/vendor/laravel/framework/src/Illuminate/Http/Middleware/TrustProxies.php(58): Illuminate\\Pipeline\\Pipeline->Illuminate\\Pipeline\\{closure}(Object(Illuminate\\Http\\Request))
#56 /var/www/vendor/laravel/framework/src/Illuminate/Pipeline/Pipeline.php(209): Illuminate\\Http\\Middleware\\TrustProxies->handle(Object(Illuminate\\Http\\Request), Object(Closure))
#57 /var/www/vendor/laravel/framework/src/Illuminate/Http/Middleware/TrustHosts.php(79): Illuminate\\Pipeline\\Pipeline->Illuminate\\Pipeline\\{closure}(Object(Illuminate\\Http\\Request))
#58 /var/www/vendor/laravel/framework/src/Illuminate/Pipeline/Pipeline.php(209): Illuminate\\Http\\Middleware\\TrustHosts->handle(Object(Illuminate\\Http\\Request), Object(Closure))
#59 /var/www/vendor/laravel/framework/src/Illuminate/Pipeline/Pipeline.php(127): Illuminate\\Pipeline\\Pipeline->Illuminate\\Pipeline\\{closure}(Object(Illuminate\\Http\\Request))
#60 /var/www/vendor/laravel/framework/src/Illuminate/Foundation/Http/Kernel.php(176): Illuminate\\Pipeline\\Pipeline->then(Object(Closure))
#61 /var/www/vendor/laravel/framework/src/Illuminate/Foundation/Http/Kernel.php(145): Illuminate\\Foundation\\Http\\Kernel->sendRequestThroughRouter(Object(Illuminate\\Http\\Request))
#62 /var/www/public/index.php(17): Illuminate\\Foundation\\Http\\Kernel->handle(Object(Illuminate\\Http\\Request))
#63 {main}

[previous exception] [object] (PDOException(code: 42S22): SQLSTATE[42S22]: Column not found: 1054 Unknown column 'ics_calendars.deleted_at' in 'where clause' at /var/www/vendor/laravel/framework/src/Illuminate/Database/Connection.php:407)
[stacktrace]
#0 /var/www/vendor/laravel/framework/src/Illuminate/Database/Connection.php(407): PDO->prepare('select * from `...')
#1 /var/www/vendor/laravel/framework/src/Illuminate/Database/Connection.php(812): Illuminate\\Database\\Connection->Illuminate\\Database\\{closure}('select * from `...', Array)
#2 /var/www/vendor/laravel/framework/src/Illuminate/Database/Connection.php(779): Illuminate\\Database\\Connection->runQueryCallback('select * from `...', Array, Object(Closure))
#3 /var/www/vendor/laravel/framework/src/Illuminate/Database/Connection.php(398): Illuminate\\Database\\Connection->run('select * from `...', Array, Object(Closure))
#4 /var/www/vendor/laravel/framework/src/Illuminate/Database/Query/Builder.php(3106): Illuminate\\Database\\Connection->select('select * from `...', Array, true)
#5 /var/www/vendor/laravel/framework/src/Illuminate/Database/Query/Builder.php(3091): Illuminate\\Database\\Query\\Builder->runSelect()
#6 /var/www/vendor/laravel/framework/src/Illuminate/Database/Query/Builder.php(3676): Illuminate\\Database\\Query\\Builder->Illuminate\\Database\\Query\\{closure}()
#7 /var/www/vendor/laravel/framework/src/Illuminate/Database/Query/Builder.php(3090): Illuminate\\Database\\Query\\Builder->onceWithColumns(Array, Object(Closure))
#8 /var/www/vendor/laravel/framework/src/Illuminate/Database/Eloquent/Builder.php(811): Illuminate\\Database\\Query\\Builder->get(Array)
#9 /var/www/vendor/laravel/framework/src/Illuminate/Database/Eloquent/Builder.php(793): Illuminate\\Database\\Eloquent\\Builder->getModels(Array)
#10 /var/www/app/Http/Controllers/Integration/IntegrationController.php(27): Illuminate\\Database\\Eloquent\\Builder->get()
#11 /var/www/vendor/laravel/framework/src/Illuminate/Routing/Controller.php(54): App\\Http\\Controllers\\Integration\\IntegrationController->index()
#12 /var/www/vendor/laravel/framework/src/Illuminate/Routing/ControllerDispatcher.php(44): Illuminate\\Routing\\Controller->callAction('index', Array)
#13 /var/www/vendor/laravel/framework/src/Illuminate/Routing/Route.php(266): Illuminate\\Routing\\ControllerDispatcher->dispatch(Object(Illuminate\\Routing\\Route), Object(App\\Http\\Controllers\\Integration\\IntegrationController), 'index')
#14 /var/www/vendor/laravel/framework/src/Illuminate/Routing/Route.php(212): Illuminate\\Routing\\Route->runController()
#15 /var/www/vendor/laravel/framework/src/Illuminate/Routing/Router.php(808): Illuminate\\Routing\\Route->run()
#16 /var/www/vendor/laravel/framework/src/Illuminate/Pipeline/Pipeline.php(170): Illuminate\\Routing\\Router->Illuminate\\Routing\\{closure}(Object(Illuminate\\Http\\Request))
#17 /var/www/app/Http/Middleware/TenantScope.php(25): Illuminate\\Pipeline\\Pipeline->Illuminate\\Pipeline\\{closure}(Object(Illuminate\\Http\\Request))
#18 /var/www/vendor/laravel/framework/src/Illuminate/Pipeline/Pipeline.php(209): App\\Http\\Middleware\\TenantScope->handle(Object(Illuminate\\Http\\Request), Object(Closure))
#19 /var/www/app/Http/Middleware/SetTenant.php(36): Illuminate\\Pipeline\\Pipeline->Illuminate\\Pipeline\\{closure}(Object(Illuminate\\Http\\Request))
#20 /var/www/vendor/laravel/framework/src/Illuminate/Pipeline/Pipeline.php(209): App\\Http\\Middleware\\SetTenant->handle(Object(Illuminate\\Http\\Request), Object(Closure))
#21 /var/www/vendor/laravel/framework/src/Illuminate/Routing/Middleware/SubstituteBindings.php(51): Illuminate\\Pipeline\\Pipeline->Illuminate\\Pipeline\\{closure}(Object(Illuminate\\Http\\Request))
#22 /var/www/vendor/laravel/framework/src/Illuminate/Pipeline/Pipeline.php(209): Illuminate\\Routing\\Middleware\\SubstituteBindings->handle(Object(Illuminate\\Http\\Request), Object(Closure))
#23 /var/www/vendor/laravel/framework/src/Illuminate/Auth/Middleware/Authenticate.php(64): Illuminate\\Pipeline\\Pipeline->Illuminate\\Pipeline\\{closure}(Object(Illuminate\\Http\\Request))
#24 /var/www/vendor/laravel/framework/src/Illuminate/Pipeline/Pipeline.php(209): Illuminate\\Auth\\Middleware\\Authenticate->handle(Object(Illuminate\\Http\\Request), Object(Closure))
#25 /var/www/vendor/laravel/framework/src/Illuminate/Foundation/Http/Middleware/VerifyCsrfToken.php(88): Illuminate\\Pipeline\\Pipeline->Illuminate\\Pipeline\\{closure}(Object(Illuminate\\Http\\Request))
#26 /var/www/vendor/laravel/framework/src/Illuminate/Pipeline/Pipeline.php(209): Illuminate\\Foundation\\Http\\Middleware\\VerifyCsrfToken->handle(Object(Illuminate\\Http\\Request), Object(Closure))
#27 /var/www/vendor/laravel/framework/src/Illuminate/View/Middleware/ShareErrorsFromSession.php(49): Illuminate\\Pipeline\\Pipeline->Illuminate\\Pipeline\\{closure}(Object(Illuminate\\Http\\Request))
#28 /var/www/vendor/laravel/framework/src/Illuminate/Pipeline/Pipeline.php(209): Illuminate\\View\\Middleware\\ShareErrorsFromSession->handle(Object(Illuminate\\Http\\Request), Object(Closure))
#29 /var/www/vendor/laravel/framework/src/Illuminate/Session/Middleware/StartSession.php(121): Illuminate\\Pipeline\\Pipeline->Illuminate\\Pipeline\\{closure}(Object(Illuminate\\Http\\Request))
#30 /var/www/vendor/laravel/framework/src/Illuminate/Session/Middleware/StartSession.php(64): Illuminate\\Session\\Middleware\\StartSession->handleStatefulRequest(Object(Illuminate\\Http\\Request), Object(Illuminate\\Session\\Store), Object(Closure))
#31 /var/www/vendor/laravel/framework/src/Illuminate/Pipeline/Pipeline.php(209): Illuminate\\Session\\Middleware\\StartSession->handle(Object(Illuminate\\Http\\Request), Object(Closure))
#32 /var/www/vendor/laravel/framework/src/Illuminate/Cookie/Middleware/AddQueuedCookiesToResponse.php(37): Illuminate\\Pipeline\\Pipeline->Illuminate\\Pipeline\\{closure}(Object(Illuminate\\Http\\Request))
#33 /var/www/vendor/laravel/framework/src/Illuminate/Pipeline/Pipeline.php(209): Illuminate\\Cookie\\Middleware\\AddQueuedCookiesToResponse->handle(Object(Illuminate\\Http\\Request), Object(Closure))
#34 /var/www/vendor/laravel/framework/src/Illuminate/Cookie/Middleware/EncryptCookies.php(75): Illuminate\\Pipeline\\Pipeline->Illuminate\\Pipeline\\{closure}(Object(Illuminate\\Http\\Request))
#35 /var/www/vendor/laravel/framework/src/Illuminate/Pipeline/Pipeline.php(209): Illuminate\\Cookie\\Middleware\\EncryptCookies->handle(Object(Illuminate\\Http\\Request), Object(Closure))
#36 /var/www/vendor/laravel/framework/src/Illuminate/Pipeline/Pipeline.php(127): Illuminate\\Pipeline\\Pipeline->Illuminate\\Pipeline\\{closure}(Object(Illuminate\\Http\\Request))
#37 /var/www/vendor/laravel/framework/src/Illuminate/Routing/Router.php(807): Illuminate\\Pipeline\\Pipeline->then(Object(Closure))
#38 /var/www/vendor/laravel/framework/src/Illuminate/Routing/Router.php(786): Illuminate\\Routing\\Router->runRouteWithinStack(Object(Illuminate\\Routing\\Route), Object(Illuminate\\Http\\Request))
#39 /var/www/vendor/laravel/framework/src/Illuminate/Routing/Router.php(750): Illuminate\\Routing\\Router->runRoute(Object(Illuminate\\Http\\Request), Object(Illuminate\\Routing\\Route))
#40 /var/www/vendor/laravel/framework/src/Illuminate/Routing/Router.php(739): Illuminate\\Routing\\Router->dispatchToRoute(Object(Illuminate\\Http\\Request))
#41 /var/www/vendor/laravel/framework/src/Illuminate/Foundation/Http/Kernel.php(201): Illuminate\\Routing\\Router->dispatch(Object(Illuminate\\Http\\Request))
#42 /var/www/vendor/laravel/framework/src/Illuminate/Pipeline/Pipeline.php(170): Illuminate\\Foundation\\Http\\Kernel->Illuminate\\Foundation\\Http\\{closure}(Object(Illuminate\\Http\\Request))
#43 /var/www/vendor/livewire/livewire/src/Features/SupportDisablingBackButtonCache/DisableBackButtonCacheMiddleware.php(19): Illuminate\\Pipeline\\Pipeline->Illuminate\\Pipeline\\{closure}(Object(Illuminate\\Http\\Request))
#44 /var/www/vendor/laravel/framework/src/Illuminate/Pipeline/Pipeline.php(209): Livewire\\Features\\SupportDisablingBackButtonCache\\DisableBackButtonCacheMiddleware->handle(Object(Illuminate\\Http\\Request), Object(Closure))
#45 /var/www/vendor/laravel/framework/src/Illuminate/Foundation/Http/Middleware/TransformsRequest.php(21): Illuminate\\Pipeline\\Pipeline->Illuminate\\Pipeline\\{closure}(Object(Illuminate\\Http\\Request))
#46 /var/www/vendor/laravel/framework/src/Illuminate/Foundation/Http/Middleware/ConvertEmptyStringsToNull.php(31): Illuminate\\Foundation\\Http\\Middleware\\TransformsRequest->handle(Object(Illuminate\\Http\\Request), Object(Closure))
#47 /var/www/vendor/laravel/framework/src/Illuminate/Pipeline/Pipeline.php(209): Illuminate\\Foundation\\Http\\Middleware\\ConvertEmptyStringsToNull->handle(Object(Illuminate\\Http\\Request), Object(Closure))
#48 /var/www/vendor/laravel/framework/src/Illuminate/Foundation/Http/Middleware/TransformsRequest.php(21): Illuminate\\Pipeline\\Pipeline->Illuminate\\Pipeline\\{closure}(Object(Illuminate\\Http\\Request))
#49 /var/www/vendor/laravel/framework/src/Illuminate/Foundation/Http/Middleware/TrimStrings.php(51): Illuminate\\Foundation\\Http\\Middleware\\TransformsRequest->handle(Object(Illuminate\\Http\\Request), Object(Closure))
#50 /var/www/vendor/laravel/framework/src/Illuminate/Pipeline/Pipeline.php(209): Illuminate\\Foundation\\Http\\Middleware\\TrimStrings->handle(Object(Illuminate\\Http\\Request), Object(Closure))
#51 /var/www/vendor/laravel/framework/src/Illuminate/Http/Middleware/ValidatePostSize.php(27): Illuminate\\Pipeline\\Pipeline->Illuminate\\Pipeline\\{closure}(Object(Illuminate\\Http\\Request))
#52 /var/www/vendor/laravel/framework/src/Illuminate/Pipeline/Pipeline.php(209): Illuminate\\Http\\Middleware\\ValidatePostSize->handle(Object(Illuminate\\Http\\Request), Object(Closure))
#53 /var/www/vendor/laravel/framework/src/Illuminate/Foundation/Http/Middleware/PreventRequestsDuringMaintenance.php(110): Illuminate\\Pipeline\\Pipeline->Illuminate\\Pipeline\\{closure}(Object(Illuminate\\Http\\Request))
#54 /var/www/vendor/laravel/framework/src/Illuminate/Pipeline/Pipeline.php(209): Illuminate\\Foundation\\Http\\Middleware\\PreventRequestsDuringMaintenance->handle(Object(Illuminate\\Http\\Request), Object(Closure))
#55 /var/www/vendor/laravel/framework/src/Illuminate/Http/Middleware/HandleCors.php(49): Illuminate\\Pipeline\\Pipeline->Illuminate\\Pipeline\\{closure}(Object(Illuminate\\Http\\Request))
#56 /var/www/vendor/laravel/framework/src/Illuminate/Pipeline/Pipeline.php(209): Illuminate\\Http\\Middleware\\HandleCors->handle(Object(Illuminate\\Http\\Request), Object(Closure))
#57 /var/www/vendor/laravel/framework/src/Illuminate/Http/Middleware/TrustProxies.php(58): Illuminate\\Pipeline\\Pipeline->Illuminate\\Pipeline\\{closure}(Object(Illuminate\\Http\\Request))
#58 /var/www/vendor/laravel/framework/src/Illuminate/Pipeline/Pipeline.php(209): Illuminate\\Http\\Middleware\\TrustProxies->handle(Object(Illuminate\\Http\\Request), Object(Closure))
#59 /var/www/vendor/laravel/framework/src/Illuminate/Http/Middleware/TrustHosts.php(79): Illuminate\\Pipeline\\Pipeline->Illuminate\\Pipeline\\{closure}(Object(Illuminate\\Http\\Request))
#60 /var/www/vendor/laravel/framework/src/Illuminate/Pipeline/Pipeline.php(209): Illuminate\\Http\\Middleware\\TrustHosts->handle(Object(Illuminate\\Http\\Request), Object(Closure))
#61 /var/www/vendor/laravel/framework/src/Illuminate/Pipeline/Pipeline.php(127): Illuminate\\Pipeline\\Pipeline->Illuminate\\Pipeline\\{closure}(Object(Illuminate\\Http\\Request))
#62 /var/www/vendor/laravel/framework/src/Illuminate/Foundation/Http/Kernel.php(176): Illuminate\\Pipeline\\Pipeline->then(Object(Closure))
#63 /var/www/vendor/laravel/framework/src/Illuminate/Foundation/Http/Kernel.php(145): Illuminate\\Foundation\\Http\\Kernel->sendRequestThroughRouter(Object(Illuminate\\Http\\Request))
#64 /var/www/public/index.php(17): Illuminate\\Foundation\\Http\\Kernel->handle(Object(Illuminate\\Http\\Request))
#65 {main}
"} 
[2026-07-15 14:04:56] local.ERROR: Call to a member function format() on string (View: /var/www/resources/views/panels/audit/index.blade.php) {"userId":4,"exception":"[object] (Illuminate\\View\\ViewException(code: 0): Call to a member function format() on string (View: /var/www/resources/views/panels/audit/index.blade.php) at /var/www/storage/framework/views/a2b0a71dd7c72b63e195386463d30810.php:16)
[stacktrace]
#0 /var/www/vendor/livewire/livewire/src/Mechanisms/ExtendBlade/ExtendedCompilerEngine.php(58): Illuminate\\View\\Engines\\CompilerEngine->handleViewException(Object(Error), 0)
#1 /var/www/vendor/laravel/framework/src/Illuminate/View/Engines/PhpEngine.php(60): Livewire\\Mechanisms\\ExtendBlade\\ExtendedCompilerEngine->handleViewException(Object(Error), 0)
#2 /var/www/vendor/livewire/livewire/src/Mechanisms/ExtendBlade/ExtendedCompilerEngine.php(22): Illuminate\\View\\Engines\\PhpEngine->evaluatePath('/var/www/storag...', Array)
#3 /var/www/vendor/laravel/framework/src/Illuminate/View/Engines/CompilerEngine.php(75): Livewire\\Mechanisms\\ExtendBlade\\ExtendedCompilerEngine->evaluatePath('/var/www/storag...', Array)
#4 /var/www/vendor/livewire/livewire/src/Mechanisms/ExtendBlade/ExtendedCompilerEngine.php(10): Illuminate\\View\\Engines\\CompilerEngine->get('/var/www/resour...', Array)
#5 /var/www/vendor/laravel/framework/src/Illuminate/View/View.php(209): Livewire\\Mechanisms\\ExtendBlade\\ExtendedCompilerEngine->get('/var/www/resour...', Array)
#6 /var/www/vendor/laravel/framework/src/Illuminate/View/View.php(192): Illuminate\\View\\View->getContents()
#7 /var/www/vendor/laravel/framework/src/Illuminate/View/View.php(161): Illuminate\\View\\View->renderContents()
#8 /var/www/vendor/laravel/framework/src/Illuminate/Http/Response.php(79): Illuminate\\View\\View->render()
#9 /var/www/vendor/laravel/framework/src/Illuminate/Http/Response.php(35): Illuminate\\Http\\Response->setContent(Object(Illuminate\\View\\View))
#10 /var/www/vendor/laravel/framework/src/Illuminate/Routing/Router.php(920): Illuminate\\Http\\Response->__construct(Object(Illuminate\\View\\View), 200, Array)
#11 /var/www/vendor/laravel/framework/src/Illuminate/Routing/Router.php(887): Illuminate\\Routing\\Router::toResponse(Object(Illuminate\\Http\\Request), Object(Illuminate\\View\\View))
#12 /var/www/vendor/laravel/framework/src/Illuminate/Routing/Router.php(807): Illuminate\\Routing\\Router->prepareResponse(Object(Illuminate\\Http\\Request), Object(Illuminate\\View\\View))
#13 /var/www/vendor/laravel/framework/src/Illuminate/Pipeline/Pipeline.php(170): Illuminate\\Routing\\Router->Illuminate\\Routing\\{closure}(Object(Illuminate\\Http\\Request))
#14 /var/www/app/Http/Middleware/TenantScope.php(25): Illuminate\\Pipeline\\Pipeline->Illuminate\\Pipeline\\{closure}(Object(Illuminate\\Http\\Request))
#15 /var/www/vendor/laravel/framework/src/Illuminate/Pipeline/Pipeline.php(209): App\\Http\\Middleware\\TenantScope->handle(Object(Illuminate\\Http\\Request), Object(Closure))
#16 /var/www/app/Http/Middleware/SetTenant.php(36): Illuminate\\Pipeline\\Pipeline->Illuminate\\Pipeline\\{closure}(Object(Illuminate\\Http\\Request))
#17 /var/www/vendor/laravel/framework/src/Illuminate/Pipeline/Pipeline.php(209): App\\Http\\Middleware\\SetTenant->handle(Object(Illuminate\\Http\\Request), Object(Closure))
#18 /var/www/vendor/laravel/framework/src/Illuminate/Routing/Middleware/SubstituteBindings.php(51): Illuminate\\Pipeline\\Pipeline->Illuminate\\Pipeline\\{closure}(Object(Illuminate\\Http\\Request))
#19 /var/www/vendor/laravel/framework/src/Illuminate/Pipeline/Pipeline.php(209): Illuminate\\Routing\\Middleware\\SubstituteBindings->handle(Object(Illuminate\\Http\\Request), Object(Closure))
#20 /var/www/vendor/laravel/framework/src/Illuminate/Auth/Middleware/Authenticate.php(64): Illuminate\\Pipeline\\Pipeline->Illuminate\\Pipeline\\{closure}(Object(Illuminate\\Http\\Request))
#21 /var/www/vendor/laravel/framework/src/Illuminate/Pipeline/Pipeline.php(209): Illuminate\\Auth\\Middleware\\Authenticate->handle(Object(Illuminate\\Http\\Request), Object(Closure))
#22 /var/www/vendor/laravel/framework/src/Illuminate/Foundation/Http/Middleware/VerifyCsrfToken.php(88): Illuminate\\Pipeline\\Pipeline->Illuminate\\Pipeline\\{closure}(Object(Illuminate\\Http\\Request))
#23 /var/www/vendor/laravel/framework/src/Illuminate/Pipeline/Pipeline.php(209): Illuminate\\Foundation\\Http\\Middleware\\VerifyCsrfToken->handle(Object(Illuminate\\Http\\Request), Object(Closure))
#24 /var/www/vendor/laravel/framework/src/Illuminate/View/Middleware/ShareErrorsFromSession.php(49): Illuminate\\Pipeline\\Pipeline->Illuminate\\Pipeline\\{closure}(Object(Illuminate\\Http\\Request))
#25 /var/www/vendor/laravel/framework/src/Illuminate/Pipeline/Pipeline.php(209): Illuminate\\View\\Middleware\\ShareErrorsFromSession->handle(Object(Illuminate\\Http\\Request), Object(Closure))
#26 /var/www/vendor/laravel/framework/src/Illuminate/Session/Middleware/StartSession.php(121): Illuminate\\Pipeline\\Pipeline->Illuminate\\Pipeline\\{closure}(Object(Illuminate\\Http\\Request))
#27 /var/www/vendor/laravel/framework/src/Illuminate/Session/Middleware/StartSession.php(64): Illuminate\\Session\\Middleware\\StartSession->handleStatefulRequest(Object(Illuminate\\Http\\Request), Object(Illuminate\\Session\\Store), Object(Closure))
#28 /var/www/vendor/laravel/framework/src/Illuminate/Pipeline/Pipeline.php(209): Illuminate\\Session\\Middleware\\StartSession->handle(Object(Illuminate\\Http\\Request), Object(Closure))
#29 /var/www/vendor/laravel/framework/src/Illuminate/Cookie/Middleware/AddQueuedCookiesToResponse.php(37): Illuminate\\Pipeline\\Pipeline->Illuminate\\Pipeline\\{closure}(Object(Illuminate\\Http\\Request))
#30 /var/www/vendor/laravel/framework/src/Illuminate/Pipeline/Pipeline.php(209): Illuminate\\Cookie\\Middleware\\AddQueuedCookiesToResponse->handle(Object(Illuminate\\Http\\Request), Object(Closure))
#31 /var/www/vendor/laravel/framework/src/Illuminate/Cookie/Middleware/EncryptCookies.php(75): Illuminate\\Pipeline\\Pipeline->Illuminate\\Pipeline\\{closure}(Object(Illuminate\\Http\\Request))
#32 /var/www/vendor/laravel/framework/src/Illuminate/Pipeline/Pipeline.php(209): Illuminate\\Cookie\\Middleware\\EncryptCookies->handle(Object(Illuminate\\Http\\Request), Object(Closure))
#33 /var/www/vendor/laravel/framework/src/Illuminate/Pipeline/Pipeline.php(127): Illuminate\\Pipeline\\Pipeline->Illuminate\\Pipeline\\{closure}(Object(Illuminate\\Http\\Request))
#34 /var/www/vendor/laravel/framework/src/Illuminate/Routing/Router.php(807): Illuminate\\Pipeline\\Pipeline->then(Object(Closure))
#35 /var/www/vendor/laravel/framework/src/Illuminate/Routing/Router.php(786): Illuminate\\Routing\\Router->runRouteWithinStack(Object(Illuminate\\Routing\\Route), Object(Illuminate\\Http\\Request))
#36 /var/www/vendor/laravel/framework/src/Illuminate/Routing/Router.php(750): Illuminate\\Routing\\Router->runRoute(Object(Illuminate\\Http\\Request), Object(Illuminate\\Routing\\Route))
#37 /var/www/vendor/laravel/framework/src/Illuminate/Routing/Router.php(739): Illuminate\\Routing\\Router->dispatchToRoute(Object(Illuminate\\Http\\Request))
#38 /var/www/vendor/laravel/framework/src/Illuminate/Foundation/Http/Kernel.php(201): Illuminate\\Routing\\Router->dispatch(Object(Illuminate\\Http\\Request))
#39 /var/www/vendor/laravel/framework/src/Illuminate/Pipeline/Pipeline.php(170): Illuminate\\Foundation\\Http\\Kernel->Illuminate\\Foundation\\Http\\{closure}(Object(Illuminate\\Http\\Request))
#40 /var/www/vendor/livewire/livewire/src/Features/SupportDisablingBackButtonCache/DisableBackButtonCacheMiddleware.php(19): Illuminate\\Pipeline\\Pipeline->Illuminate\\Pipeline\\{closure}(Object(Illuminate\\Http\\Request))
#41 /var/www/vendor/laravel/framework/src/Illuminate/Pipeline/Pipeline.php(209): Livewire\\Features\\SupportDisablingBackButtonCache\\DisableBackButtonCacheMiddleware->handle(Object(Illuminate\\Http\\Request), Object(Closure))
#42 /var/www/vendor/laravel/framework/src/Illuminate/Foundation/Http/Middleware/TransformsRequest.php(21): Illuminate\\Pipeline\\Pipeline->Illuminate\\Pipeline\\{closure}(Object(Illuminate\\Http\\Request))
#43 /var/www/vendor/laravel/framework/src/Illuminate/Foundation/Http/Middleware/ConvertEmptyStringsToNull.php(31): Illuminate\\Foundation\\Http\\Middleware\\TransformsRequest->handle(Object(Illuminate\\Http\\Request), Object(Closure))
#44 /var/www/vendor/laravel/framework/src/Illuminate/Pipeline/Pipeline.php(209): Illuminate\\Foundation\\Http\\Middleware\\ConvertEmptyStringsToNull->handle(Object(Illuminate\\Http\\Request), Object(Closure))
#45 /var/www/vendor/laravel/framework/src/Illuminate/Foundation/Http/Middleware/TransformsRequest.php(21): Illuminate\\Pipeline\\Pipeline->Illuminate\\Pipeline\\{closure}(Object(Illuminate\\Http\\Request))
#46 /var/www/vendor/laravel/framework/src/Illuminate/Foundation/Http/Middleware/TrimStrings.php(51): Illuminate\\Foundation\\Http\\Middleware\\TransformsRequest->handle(Object(Illuminate\\Http\\Request), Object(Closure))
#47 /var/www/vendor/laravel/framework/src/Illuminate/Pipeline/Pipeline.php(209): Illuminate\\Foundation\\Http\\Middleware\\TrimStrings->handle(Object(Illuminate\\Http\\Request), Object(Closure))
#48 /var/www/vendor/laravel/framework/src/Illuminate/Http/Middleware/ValidatePostSize.php(27): Illuminate\\Pipeline\\Pipeline->Illuminate\\Pipeline\\{closure}(Object(Illuminate\\Http\\Request))
#49 /var/www/vendor/laravel/framework/src/Illuminate/Pipeline/Pipeline.php(209): Illuminate\\Http\\Middleware\\ValidatePostSize->handle(Object(Illuminate\\Http\\Request), Object(Closure))
#50 /var/www/vendor/laravel/framework/src/Illuminate/Foundation/Http/Middleware/PreventRequestsDuringMaintenance.php(110): Illuminate\\Pipeline\\Pipeline->Illuminate\\Pipeline\\{closure}(Object(Illuminate\\Http\\Request))
#51 /var/www/vendor/laravel/framework/src/Illuminate/Pipeline/Pipeline.php(209): Illuminate\\Foundation\\Http\\Middleware\\PreventRequestsDuringMaintenance->handle(Object(Illuminate\\Http\\Request), Object(Closure))
#52 /var/www/vendor/laravel/framework/src/Illuminate/Http/Middleware/HandleCors.php(49): Illuminate\\Pipeline\\Pipeline->Illuminate\\Pipeline\\{closure}(Object(Illuminate\\Http\\Request))
#53 /var/www/vendor/laravel/framework/src/Illuminate/Pipeline/Pipeline.php(209): Illuminate\\Http\\Middleware\\HandleCors->handle(Object(Illuminate\\Http\\Request), Object(Closure))
#54 /var/www/vendor/laravel/framework/src/Illuminate/Http/Middleware/TrustProxies.php(58): Illuminate\\Pipeline\\Pipeline->Illuminate\\Pipeline\\{closure}(Object(Illuminate\\Http\\Request))
#55 /var/www/vendor/laravel/framework/src/Illuminate/Pipeline/Pipeline.php(209): Illuminate\\Http\\Middleware\\TrustProxies->handle(Object(Illuminate\\Http\\Request), Object(Closure))
#56 /var/www/vendor/laravel/framework/src/Illuminate/Http/Middleware/TrustHosts.php(79): Illuminate\\Pipeline\\Pipeline->Illuminate\\Pipeline\\{closure}(Object(Illuminate\\Http\\Request))
#57 /var/www/vendor/laravel/framework/src/Illuminate/Pipeline/Pipeline.php(209): Illuminate\\Http\\Middleware\\TrustHosts->handle(Object(Illuminate\\Http\\Request), Object(Closure))
#58 /var/www/vendor/laravel/framework/src/Illuminate/Pipeline/Pipeline.php(127): Illuminate\\Pipeline\\Pipeline->Illuminate\\Pipeline\\{closure}(Object(Illuminate\\Http\\Request))
#59 /var/www/vendor/laravel/framework/src/Illuminate/Foundation/Http/Kernel.php(176): Illuminate\\Pipeline\\Pipeline->then(Object(Closure))
#60 /var/www/vendor/laravel/framework/src/Illuminate/Foundation/Http/Kernel.php(145): Illuminate\\Foundation\\Http\\Kernel->sendRequestThroughRouter(Object(Illuminate\\Http\\Request))
#61 /var/www/public/index.php(17): Illuminate\\Foundation\\Http\\Kernel->handle(Object(Illuminate\\Http\\Request))
#62 {main}

[previous exception] [object] (Error(code: 0): Call to a member function format() on string at /var/www/storage/framework/views/a2b0a71dd7c72b63e195386463d30810.php:16)
[stacktrace]
#0 /var/www/vendor/laravel/framework/src/Illuminate/Filesystem/Filesystem.php(123): require()
#1 /var/www/vendor/laravel/framework/src/Illuminate/Filesystem/Filesystem.php(124): Illuminate\\Filesystem\\Filesystem::Illuminate\\Filesystem\\{closure}()
#2 /var/www/vendor/laravel/framework/src/Illuminate/View/Engines/PhpEngine.php(58): Illuminate\\Filesystem\\Filesystem->getRequire('/var/www/storag...', Array)
#3 /var/www/vendor/livewire/livewire/src/Mechanisms/ExtendBlade/ExtendedCompilerEngine.php(22): Illuminate\\View\\Engines\\PhpEngine->evaluatePath('/var/www/storag...', Array)
#4 /var/www/vendor/laravel/framework/src/Illuminate/View/Engines/CompilerEngine.php(75): Livewire\\Mechanisms\\ExtendBlade\\ExtendedCompilerEngine->evaluatePath('/var/www/storag...', Array)
#5 /var/www/vendor/livewire/livewire/src/Mechanisms/ExtendBlade/ExtendedCompilerEngine.php(10): Illuminate\\View\\Engines\\CompilerEngine->get('/var/www/resour...', Array)
#6 /var/www/vendor/laravel/framework/src/Illuminate/View/View.php(209): Livewire\\Mechanisms\\ExtendBlade\\ExtendedCompilerEngine->get('/var/www/resour...', Array)
#7 /var/www/vendor/laravel/framework/src/Illuminate/View/View.php(192): Illuminate\\View\\View->getContents()
#8 /var/www/vendor/laravel/framework/src/Illuminate/View/View.php(161): Illuminate\\View\\View->renderContents()
#9 /var/www/vendor/laravel/framework/src/Illuminate/Http/Response.php(79): Illuminate\\View\\View->render()
#10 /var/www/vendor/laravel/framework/src/Illuminate/Http/Response.php(35): Illuminate\\Http\\Response->setContent(Object(Illuminate\\View\\View))
#11 /var/www/vendor/laravel/framework/src/Illuminate/Routing/Router.php(920): Illuminate\\Http\\Response->__construct(Object(Illuminate\\View\\View), 200, Array)
#12 /var/www/vendor/laravel/framework/src/Illuminate/Routing/Router.php(887): Illuminate\\Routing\\Router::toResponse(Object(Illuminate\\Http\\Request), Object(Illuminate\\View\\View))
#13 /var/www/vendor/laravel/framework/src/Illuminate/Routing/Router.php(807): Illuminate\\Routing\\Router->prepareResponse(Object(Illuminate\\Http\\Request), Object(Illuminate\\View\\View))
#14 /var/www/vendor/laravel/framework/src/Illuminate/Pipeline/Pipeline.php(170): Illuminate\\Routing\\Router->Illuminate\\Routing\\{closure}(Object(Illuminate\\Http\\Request))
#15 /var/www/app/Http/Middleware/TenantScope.php(25): Illuminate\\Pipeline\\Pipeline->Illuminate\\Pipeline\\{closure}(Object(Illuminate\\Http\\Request))
#16 /var/www/vendor/laravel/framework/src/Illuminate/Pipeline/Pipeline.php(209): App\\Http\\Middleware\\TenantScope->handle(Object(Illuminate\\Http\\Request), Object(Closure))
#17 /var/www/app/Http/Middleware/SetTenant.php(36): Illuminate\\Pipeline\\Pipeline->Illuminate\\Pipeline\\{closure}(Object(Illuminate\\Http\\Request))
#18 /var/www/vendor/laravel/framework/src/Illuminate/Pipeline/Pipeline.php(209): App\\Http\\Middleware\\SetTenant->handle(Object(Illuminate\\Http\\Request), Object(Closure))
#19 /var/www/vendor/laravel/framework/src/Illuminate/Routing/Middleware/SubstituteBindings.php(51): Illuminate\\Pipeline\\Pipeline->Illuminate\\Pipeline\\{closure}(Object(Illuminate\\Http\\Request))
#20 /var/www/vendor/laravel/framework/src/Illuminate/Pipeline/Pipeline.php(209): Illuminate\\Routing\\Middleware\\SubstituteBindings->handle(Object(Illuminate\\Http\\Request), Object(Closure))
#21 /var/www/vendor/laravel/framework/src/Illuminate/Auth/Middleware/Authenticate.php(64): Illuminate\\Pipeline\\Pipeline->Illuminate\\Pipeline\\{closure}(Object(Illuminate\\Http\\Request))
#22 /var/www/vendor/laravel/framework/src/Illuminate/Pipeline/Pipeline.php(209): Illuminate\\Auth\\Middleware\\Authenticate->handle(Object(Illuminate\\Http\\Request), Object(Closure))
#23 /var/www/vendor/laravel/framework/src/Illuminate/Foundation/Http/Middleware/VerifyCsrfToken.php(88): Illuminate\\Pipeline\\Pipeline->Illuminate\\Pipeline\\{closure}(Object(Illuminate\\Http\\Request))
#24 /var/www/vendor/laravel/framework/src/Illuminate/Pipeline/Pipeline.php(209): Illuminate\\Foundation\\Http\\Middleware\\VerifyCsrfToken->handle(Object(Illuminate\\Http\\Request), Object(Closure))
#25 /var/www/vendor/laravel/framework/src/Illuminate/View/Middleware/ShareErrorsFromSession.php(49): Illuminate\\Pipeline\\Pipeline->Illuminate\\Pipeline\\{closure}(Object(Illuminate\\Http\\Request))
#26 /var/www/vendor/laravel/framework/src/Illuminate/Pipeline/Pipeline.php(209): Illuminate\\View\\Middleware\\ShareErrorsFromSession->handle(Object(Illuminate\\Http\\Request), Object(Closure))
#27 /var/www/vendor/laravel/framework/src/Illuminate/Session/Middleware/StartSession.php(121): Illuminate\\Pipeline\\Pipeline->Illuminate\\Pipeline\\{closure}(Object(Illuminate\\Http\\Request))
#28 /var/www/vendor/laravel/framework/src/Illuminate/Session/Middleware/StartSession.php(64): Illuminate\\Session\\Middleware\\StartSession->handleStatefulRequest(Object(Illuminate\\Http\\Request), Object(Illuminate\\Session\\Store), Object(Closure))
#29 /var/www/vendor/laravel/framework/src/Illuminate/Pipeline/Pipeline.php(209): Illuminate\\Session\\Middleware\\StartSession->handle(Object(Illuminate\\Http\\Request), Object(Closure))
#30 /var/www/vendor/laravel/framework/src/Illuminate/Cookie/Middleware/AddQueuedCookiesToResponse.php(37): Illuminate\\Pipeline\\Pipeline->Illuminate\\Pipeline\\{closure}(Object(Illuminate\\Http\\Request))
#31 /var/www/vendor/laravel/framework/src/Illuminate/Pipeline/Pipeline.php(209): Illuminate\\Cookie\\Middleware\\AddQueuedCookiesToResponse->handle(Object(Illuminate\\Http\\Request), Object(Closure))
#32 /var/www/vendor/laravel/framework/src/Illuminate/Cookie/Middleware/EncryptCookies.php(75): Illuminate\\Pipeline\\Pipeline->Illuminate\\Pipeline\\{closure}(Object(Illuminate\\Http\\Request))
#33 /var/www/vendor/laravel/framework/src/Illuminate/Pipeline/Pipeline.php(209): Illuminate\\Cookie\\Middleware\\EncryptCookies->handle(Object(Illuminate\\Http\\Request), Object(Closure))
#34 /var/www/vendor/laravel/framework/src/Illuminate/Pipeline/Pipeline.php(127): Illuminate\\Pipeline\\Pipeline->Illuminate\\Pipeline\\{closure}(Object(Illuminate\\Http\\Request))
#35 /var/www/vendor/laravel/framework/src/Illuminate/Routing/Router.php(807): Illuminate\\Pipeline\\Pipeline->then(Object(Closure))
#36 /var/www/vendor/laravel/framework/src/Illuminate/Routing/Router.php(786): Illuminate\\Routing\\Router->runRouteWithinStack(Object(Illuminate\\Routing\\Route), Object(Illuminate\\Http\\Request))
#37 /var/www/vendor/laravel/framework/src/Illuminate/Routing/Router.php(750): Illuminate\\Routing\\Router->runRoute(Object(Illuminate\\Http\\Request), Object(Illuminate\\Routing\\Route))
#38 /var/www/vendor/laravel/framework/src/Illuminate/Routing/Router.php(739): Illuminate\\Routing\\Router->dispatchToRoute(Object(Illuminate\\Http\\Request))
#39 /var/www/vendor/laravel/framework/src/Illuminate/Foundation/Http/Kernel.php(201): Illuminate\\Routing\\Router->dispatch(Object(Illuminate\\Http\\Request))
#40 /var/www/vendor/laravel/framework/src/Illuminate/Pipeline/Pipeline.php(170): Illuminate\\Foundation\\Http\\Kernel->Illuminate\\Foundation\\Http\\{closure}(Object(Illuminate\\Http\\Request))
#41 /var/www/vendor/livewire/livewire/src/Features/SupportDisablingBackButtonCache/DisableBackButtonCacheMiddleware.php(19): Illuminate\\Pipeline\\Pipeline->Illuminate\\Pipeline\\{closure}(Object(Illuminate\\Http\\Request))
#42 /var/www/vendor/laravel/framework/src/Illuminate/Pipeline/Pipeline.php(209): Livewire\\Features\\SupportDisablingBackButtonCache\\DisableBackButtonCacheMiddleware->handle(Object(Illuminate\\Http\\Request), Object(Closure))
#43 /var/www/vendor/laravel/framework/src/Illuminate/Foundation/Http/Middleware/TransformsRequest.php(21): Illuminate\\Pipeline\\Pipeline->Illuminate\\Pipeline\\{closure}(Object(Illuminate\\Http\\Request))
#44 /var/www/vendor/laravel/framework/src/Illuminate/Foundation/Http/Middleware/ConvertEmptyStringsToNull.php(31): Illuminate\\Foundation\\Http\\Middleware\\TransformsRequest->handle(Object(Illuminate\\Http\\Request), Object(Closure))
#45 /var/www/vendor/laravel/framework/src/Illuminate/Pipeline/Pipeline.php(209): Illuminate\\Foundation\\Http\\Middleware\\ConvertEmptyStringsToNull->handle(Object(Illuminate\\Http\\Request), Object(Closure))
#46 /var/www/vendor/laravel/framework/src/Illuminate/Foundation/Http/Middleware/TransformsRequest.php(21): Illuminate\\Pipeline\\Pipeline->Illuminate\\Pipeline\\{closure}(Object(Illuminate\\Http\\Request))
#47 /var/www/vendor/laravel/framework/src/Illuminate/Foundation/Http/Middleware/TrimStrings.php(51): Illuminate\\Foundation\\Http\\Middleware\\TransformsRequest->handle(Object(Illuminate\\Http\\Request), Object(Closure))
#48 /var/www/vendor/laravel/framework/src/Illuminate/Pipeline/Pipeline.php(209): Illuminate\\Foundation\\Http\\Middleware\\TrimStrings->handle(Object(Illuminate\\Http\\Request), Object(Closure))
#49 /var/www/vendor/laravel/framework/src/Illuminate/Http/Middleware/ValidatePostSize.php(27): Illuminate\\Pipeline\\Pipeline->Illuminate\\Pipeline\\{closure}(Object(Illuminate\\Http\\Request))
#50 /var/www/vendor/laravel/framework/src/Illuminate/Pipeline/Pipeline.php(209): Illuminate\\Http\\Middleware\\ValidatePostSize->handle(Object(Illuminate\\Http\\Request), Object(Closure))
#51 /var/www/vendor/laravel/framework/src/Illuminate/Foundation/Http/Middleware/PreventRequestsDuringMaintenance.php(110): Illuminate\\Pipeline\\Pipeline->Illuminate\\Pipeline\\{closure}(Object(Illuminate\\Http\\Request))
#52 /var/www/vendor/laravel/framework/src/Illuminate/Pipeline/Pipeline.php(209): Illuminate\\Foundation\\Http\\Middleware\\PreventRequestsDuringMaintenance->handle(Object(Illuminate\\Http\\Request), Object(Closure))
#53 /var/www/vendor/laravel/framework/src/Illuminate/Http/Middleware/HandleCors.php(49): Illuminate\\Pipeline\\Pipeline->Illuminate\\Pipeline\\{closure}(Object(Illuminate\\Http\\Request))
#54 /var/www/vendor/laravel/framework/src/Illuminate/Pipeline/Pipeline.php(209): Illuminate\\Http\\Middleware\\HandleCors->handle(Object(Illuminate\\Http\\Request), Object(Closure))
#55 /var/www/vendor/laravel/framework/src/Illuminate/Http/Middleware/TrustProxies.php(58): Illuminate\\Pipeline\\Pipeline->Illuminate\\Pipeline\\{closure}(Object(Illuminate\\Http\\Request))
#56 /var/www/vendor/laravel/framework/src/Illuminate/Pipeline/Pipeline.php(209): Illuminate\\Http\\Middleware\\TrustProxies->handle(Object(Illuminate\\Http\\Request), Object(Closure))
#57 /var/www/vendor/laravel/framework/src/Illuminate/Http/Middleware/TrustHosts.php(79): Illuminate\\Pipeline\\Pipeline->Illuminate\\Pipeline\\{closure}(Object(Illuminate\\Http\\Request))
#58 /var/www/vendor/laravel/framework/src/Illuminate/Pipeline/Pipeline.php(209): Illuminate\\Http\\Middleware\\TrustHosts->handle(Object(Illuminate\\Http\\Request), Object(Closure))
#59 /var/www/vendor/laravel/framework/src/Illuminate/Pipeline/Pipeline.php(127): Illuminate\\Pipeline\\Pipeline->Illuminate\\Pipeline\\{closure}(Object(Illuminate\\Http\\Request))
#60 /var/www/vendor/laravel/framework/src/Illuminate/Foundation/Http/Kernel.php(176): Illuminate\\Pipeline\\Pipeline->then(Object(Closure))
#61 /var/www/vendor/laravel/framework/src/Illuminate/Foundation/Http/Kernel.php(145): Illuminate\\Foundation\\Http\\Kernel->sendRequestThroughRouter(Object(Illuminate\\Http\\Request))
#62 /var/www/public/index.php(17): Illuminate\\Foundation\\Http\\Kernel->handle(Object(Illuminate\\Http\\Request))
#63 {main}
"} 
[2026-07-15 15:30:16] local.WARNING: ICS sync failed {"calendar_id":2,"url":"https://www.airbnb.es/calendar/ical/31939456.ics?t=55722ea5f773483d8b811c2a919bfb2a","error":"HTTP 429 al obtener la URL"} 
[2026-07-15 15:30:19] local.WARNING: ICS sync failed {"calendar_id":2,"url":"https://www.airbnb.es/calendar/ical/31939456.ics?t=55722ea5f773483d8b811c2a919bfb2a","error":"HTTP 429 al obtener la URL"} 
[2026-07-15 15:32:26] local.ERROR: Call to undefined method App\Domains\Reservation\Models\Reservation::notify() {"exception":"[object] (BadMethodCallException(code: 0): Call to undefined method App\\Domains\\Reservation\\Models\\Reservation::notify() at /var/www/vendor/laravel/framework/src/Illuminate/Support/Traits/ForwardsCalls.php:67)
[stacktrace]
#0 /var/www/vendor/laravel/framework/src/Illuminate/Support/Traits/ForwardsCalls.php(36): Illuminate\\Database\\Eloquent\\Model::throwBadMethodCallException('notify')
#1 /var/www/vendor/laravel/framework/src/Illuminate/Database/Eloquent/Model.php(2372): Illuminate\\Database\\Eloquent\\Model->forwardCallTo(Object(Illuminate\\Database\\Eloquent\\Builder), 'notify', Array)
#2 /var/www/app/Jobs/SendCheckinEmail.php(25): Illuminate\\Database\\Eloquent\\Model->__call('notify', Array)
#3 /var/www/vendor/laravel/framework/src/Illuminate/Container/BoundMethod.php(36): App\\Jobs\\SendCheckinEmail->handle()
#4 /var/www/vendor/laravel/framework/src/Illuminate/Container/Util.php(43): Illuminate\\Container\\BoundMethod::Illuminate\\Container\\{closure}()
#5 /var/www/vendor/laravel/framework/src/Illuminate/Container/BoundMethod.php(95): Illuminate\\Container\\Util::unwrapIfClosure(Object(Closure))
#6 /var/www/vendor/laravel/framework/src/Illuminate/Container/BoundMethod.php(35): Illuminate\\Container\\BoundMethod::callBoundMethod(Object(Illuminate\\Foundation\\Application), Array, Object(Closure))
#7 /var/www/vendor/laravel/framework/src/Illuminate/Container/Container.php(696): Illuminate\\Container\\BoundMethod::call(Object(Illuminate\\Foundation\\Application), Array, Array, NULL)
#8 /var/www/vendor/laravel/framework/src/Illuminate/Bus/Dispatcher.php(126): Illuminate\\Container\\Container->call(Array)
#9 /var/www/vendor/laravel/framework/src/Illuminate/Pipeline/Pipeline.php(170): Illuminate\\Bus\\Dispatcher->Illuminate\\Bus\\{closure}(Object(App\\Jobs\\SendCheckinEmail))
#10 /var/www/vendor/laravel/framework/src/Illuminate/Pipeline/Pipeline.php(127): Illuminate\\Pipeline\\Pipeline->Illuminate\\Pipeline\\{closure}(Object(App\\Jobs\\SendCheckinEmail))
#11 /var/www/vendor/laravel/framework/src/Illuminate/Bus/Dispatcher.php(130): Illuminate\\Pipeline\\Pipeline->then(Object(Closure))
#12 /var/www/vendor/laravel/framework/src/Illuminate/Queue/CallQueuedHandler.php(126): Illuminate\\Bus\\Dispatcher->dispatchNow(Object(App\\Jobs\\SendCheckinEmail), false)
#13 /var/www/vendor/laravel/framework/src/Illuminate/Pipeline/Pipeline.php(170): Illuminate\\Queue\\CallQueuedHandler->Illuminate\\Queue\\{closure}(Object(App\\Jobs\\SendCheckinEmail))
#14 /var/www/vendor/laravel/framework/src/Illuminate/Pipeline/Pipeline.php(127): Illuminate\\Pipeline\\Pipeline->Illuminate\\Pipeline\\{closure}(Object(App\\Jobs\\SendCheckinEmail))
#15 /var/www/vendor/laravel/framework/src/Illuminate/Queue/CallQueuedHandler.php(121): Illuminate\\Pipeline\\Pipeline->then(Object(Closure))
#16 /var/www/vendor/laravel/framework/src/Illuminate/Queue/CallQueuedHandler.php(69): Illuminate\\Queue\\CallQueuedHandler->dispatchThroughMiddleware(Object(Illuminate\\Queue\\Jobs\\RedisJob), Object(App\\Jobs\\SendCheckinEmail))
#17 /var/www/vendor/laravel/framework/src/Illuminate/Queue/Jobs/Job.php(102): Illuminate\\Queue\\CallQueuedHandler->call(Object(Illuminate\\Queue\\Jobs\\RedisJob), Array)
#18 /var/www/vendor/laravel/framework/src/Illuminate/Queue/Worker.php(461): Illuminate\\Queue\\Jobs\\Job->fire()
#19 /var/www/vendor/laravel/framework/src/Illuminate/Queue/Worker.php(411): Illuminate\\Queue\\Worker->process('redis', Object(Illuminate\\Queue\\Jobs\\RedisJob), Object(Illuminate\\Queue\\WorkerOptions))
#20 /var/www/vendor/laravel/framework/src/Illuminate/Queue/Worker.php(189): Illuminate\\Queue\\Worker->runJob(Object(Illuminate\\Queue\\Jobs\\RedisJob), 'redis', Object(Illuminate\\Queue\\WorkerOptions))
#21 /var/www/vendor/laravel/framework/src/Illuminate/Queue/Console/WorkCommand.php(150): Illuminate\\Queue\\Worker->daemon('redis', 'default', Object(Illuminate\\Queue\\WorkerOptions))
#22 /var/www/vendor/laravel/framework/src/Illuminate/Queue/Console/WorkCommand.php(133): Illuminate\\Queue\\Console\\WorkCommand->runWorker('redis', 'default')
#23 /var/www/vendor/laravel/horizon/src/Console/WorkCommand.php(53): Illuminate\\Queue\\Console\\WorkCommand->handle()
#24 /var/www/vendor/laravel/framework/src/Illuminate/Container/BoundMethod.php(36): Laravel\\Horizon\\Console\\WorkCommand->handle()
#25 /var/www/vendor/laravel/framework/src/Illuminate/Container/Util.php(43): Illuminate\\Container\\BoundMethod::Illuminate\\Container\\{closure}()
#26 /var/www/vendor/laravel/framework/src/Illuminate/Container/BoundMethod.php(95): Illuminate\\Container\\Util::unwrapIfClosure(Object(Closure))
#27 /var/www/vendor/laravel/framework/src/Illuminate/Container/BoundMethod.php(35): Illuminate\\Container\\BoundMethod::callBoundMethod(Object(Illuminate\\Foundation\\Application), Array, Object(Closure))
#28 /var/www/vendor/laravel/framework/src/Illuminate/Container/Container.php(696): Illuminate\\Container\\BoundMethod::call(Object(Illuminate\\Foundation\\Application), Array, Array, NULL)
#29 /var/www/vendor/laravel/framework/src/Illuminate/Console/Command.php(213): Illuminate\\Container\\Container->call(Array)
#30 /var/www/vendor/symfony/console/Command/Command.php(341): Illuminate\\Console\\Command->execute(Object(Symfony\\Component\\Console\\Input\\ArgvInput), Object(Illuminate\\Console\\OutputStyle))
#31 /var/www/vendor/laravel/framework/src/Illuminate/Console/Command.php(182): Symfony\\Component\\Console\\Command\\Command->run(Object(Symfony\\Component\\Console\\Input\\ArgvInput), Object(Illuminate\\Console\\OutputStyle))
#32 /var/www/vendor/symfony/console/Application.php(1117): Illuminate\\Console\\Command->run(Object(Symfony\\Component\\Console\\Input\\ArgvInput), Object(Symfony\\Component\\Console\\Output\\ConsoleOutput))
#33 /var/www/vendor/symfony/console/Application.php(356): Symfony\\Component\\Console\\Application->doRunCommand(Object(Laravel\\Horizon\\Console\\WorkCommand), Object(Symfony\\Component\\Console\\Input\\ArgvInput), Object(Symfony\\Component\\Console\\Output\\ConsoleOutput))
#34 /var/www/vendor/symfony/console/Application.php(195): Symfony\\Component\\Console\\Application->doRun(Object(Symfony\\Component\\Console\\Input\\ArgvInput), Object(Symfony\\Component\\Console\\Output\\ConsoleOutput))
#35 /var/www/vendor/laravel/framework/src/Illuminate/Foundation/Console/Kernel.php(198): Symfony\\Component\\Console\\Application->run(Object(Symfony\\Component\\Console\\Input\\ArgvInput), Object(Symfony\\Component\\Console\\Output\\ConsoleOutput))
#36 /var/www/artisan(12): Illuminate\\Foundation\\Console\\Kernel->handle(Object(Symfony\\Component\\Console\\Input\\ArgvInput), Object(Symfony\\Component\\Console\\Output\\ConsoleOutput))
#37 {main}
"} 
[2026-07-15 15:32:26] local.ERROR: Call to undefined method App\Domains\Reservation\Models\Reservation::notify() {"exception":"[object] (BadMethodCallException(code: 0): Call to undefined method App\\Domains\\Reservation\\Models\\Reservation::notify() at /var/www/vendor/laravel/framework/src/Illuminate/Support/Traits/ForwardsCalls.php:67)
[stacktrace]
#0 /var/www/vendor/laravel/framework/src/Illuminate/Support/Traits/ForwardsCalls.php(36): Illuminate\\Database\\Eloquent\\Model::throwBadMethodCallException('notify')
#1 /var/www/vendor/laravel/framework/src/Illuminate/Database/Eloquent/Model.php(2372): Illuminate\\Database\\Eloquent\\Model->forwardCallTo(Object(Illuminate\\Database\\Eloquent\\Builder), 'notify', Array)
#2 /var/www/app/Jobs/SendCheckinEmail.php(25): Illuminate\\Database\\Eloquent\\Model->__call('notify', Array)
#3 /var/www/vendor/laravel/framework/src/Illuminate/Container/BoundMethod.php(36): App\\Jobs\\SendCheckinEmail->handle()
#4 /var/www/vendor/laravel/framework/src/Illuminate/Container/Util.php(43): Illuminate\\Container\\BoundMethod::Illuminate\\Container\\{closure}()
#5 /var/www/vendor/laravel/framework/src/Illuminate/Container/BoundMethod.php(95): Illuminate\\Container\\Util::unwrapIfClosure(Object(Closure))
#6 /var/www/vendor/laravel/framework/src/Illuminate/Container/BoundMethod.php(35): Illuminate\\Container\\BoundMethod::callBoundMethod(Object(Illuminate\\Foundation\\Application), Array, Object(Closure))
#7 /var/www/vendor/laravel/framework/src/Illuminate/Container/Container.php(696): Illuminate\\Container\\BoundMethod::call(Object(Illuminate\\Foundation\\Application), Array, Array, NULL)
#8 /var/www/vendor/laravel/framework/src/Illuminate/Bus/Dispatcher.php(126): Illuminate\\Container\\Container->call(Array)
#9 /var/www/vendor/laravel/framework/src/Illuminate/Pipeline/Pipeline.php(170): Illuminate\\Bus\\Dispatcher->Illuminate\\Bus\\{closure}(Object(App\\Jobs\\SendCheckinEmail))
#10 /var/www/vendor/laravel/framework/src/Illuminate/Pipeline/Pipeline.php(127): Illuminate\\Pipeline\\Pipeline->Illuminate\\Pipeline\\{closure}(Object(App\\Jobs\\SendCheckinEmail))
#11 /var/www/vendor/laravel/framework/src/Illuminate/Bus/Dispatcher.php(130): Illuminate\\Pipeline\\Pipeline->then(Object(Closure))
#12 /var/www/vendor/laravel/framework/src/Illuminate/Queue/CallQueuedHandler.php(126): Illuminate\\Bus\\Dispatcher->dispatchNow(Object(App\\Jobs\\SendCheckinEmail), false)
#13 /var/www/vendor/laravel/framework/src/Illuminate/Pipeline/Pipeline.php(170): Illuminate\\Queue\\CallQueuedHandler->Illuminate\\Queue\\{closure}(Object(App\\Jobs\\SendCheckinEmail))
#14 /var/www/vendor/laravel/framework/src/Illuminate/Pipeline/Pipeline.php(127): Illuminate\\Pipeline\\Pipeline->Illuminate\\Pipeline\\{closure}(Object(App\\Jobs\\SendCheckinEmail))
#15 /var/www/vendor/laravel/framework/src/Illuminate/Queue/CallQueuedHandler.php(121): Illuminate\\Pipeline\\Pipeline->then(Object(Closure))
#16 /var/www/vendor/laravel/framework/src/Illuminate/Queue/CallQueuedHandler.php(69): Illuminate\\Queue\\CallQueuedHandler->dispatchThroughMiddleware(Object(Illuminate\\Queue\\Jobs\\RedisJob), Object(App\\Jobs\\SendCheckinEmail))
#17 /var/www/vendor/laravel/framework/src/Illuminate/Queue/Jobs/Job.php(102): Illuminate\\Queue\\CallQueuedHandler->call(Object(Illuminate\\Queue\\Jobs\\RedisJob), Array)
#18 /var/www/vendor/laravel/framework/src/Illuminate/Queue/Worker.php(461): Illuminate\\Queue\\Jobs\\Job->fire()
#19 /var/www/vendor/laravel/framework/src/Illuminate/Queue/Worker.php(411): Illuminate\\Queue\\Worker->process('redis', Object(Illuminate\\Queue\\Jobs\\RedisJob), Object(Illuminate\\Queue\\WorkerOptions))
#20 /var/www/vendor/laravel/framework/src/Illuminate/Queue/Worker.php(189): Illuminate\\Queue\\Worker->runJob(Object(Illuminate\\Queue\\Jobs\\RedisJob), 'redis', Object(Illuminate\\Queue\\WorkerOptions))
#21 /var/www/vendor/laravel/framework/src/Illuminate/Queue/Console/WorkCommand.php(150): Illuminate\\Queue\\Worker->daemon('redis', 'default', Object(Illuminate\\Queue\\WorkerOptions))
#22 /var/www/vendor/laravel/framework/src/Illuminate/Queue/Console/WorkCommand.php(133): Illuminate\\Queue\\Console\\WorkCommand->runWorker('redis', 'default')
#23 /var/www/vendor/laravel/horizon/src/Console/WorkCommand.php(53): Illuminate\\Queue\\Console\\WorkCommand->handle()
#24 /var/www/vendor/laravel/framework/src/Illuminate/Container/BoundMethod.php(36): Laravel\\Horizon\\Console\\WorkCommand->handle()
#25 /var/www/vendor/laravel/framework/src/Illuminate/Container/Util.php(43): Illuminate\\Container\\BoundMethod::Illuminate\\Container\\{closure}()
#26 /var/www/vendor/laravel/framework/src/Illuminate/Container/BoundMethod.php(95): Illuminate\\Container\\Util::unwrapIfClosure(Object(Closure))
#27 /var/www/vendor/laravel/framework/src/Illuminate/Container/BoundMethod.php(35): Illuminate\\Container\\BoundMethod::callBoundMethod(Object(Illuminate\\Foundation\\Application), Array, Object(Closure))
#28 /var/www/vendor/laravel/framework/src/Illuminate/Container/Container.php(696): Illuminate\\Container\\BoundMethod::call(Object(Illuminate\\Foundation\\Application), Array, Array, NULL)
#29 /var/www/vendor/laravel/framework/src/Illuminate/Console/Command.php(213): Illuminate\\Container\\Container->call(Array)
#30 /var/www/vendor/symfony/console/Command/Command.php(341): Illuminate\\Console\\Command->execute(Object(Symfony\\Component\\Console\\Input\\ArgvInput), Object(Illuminate\\Console\\OutputStyle))
#31 /var/www/vendor/laravel/framework/src/Illuminate/Console/Command.php(182): Symfony\\Component\\Console\\Command\\Command->run(Object(Symfony\\Component\\Console\\Input\\ArgvInput), Object(Illuminate\\Console\\OutputStyle))
#32 /var/www/vendor/symfony/console/Application.php(1117): Illuminate\\Console\\Command->run(Object(Symfony\\Component\\Console\\Input\\ArgvInput), Object(Symfony\\Component\\Console\\Output\\ConsoleOutput))
#33 /var/www/vendor/symfony/console/Application.php(356): Symfony\\Component\\Console\\Application->doRunCommand(Object(Laravel\\Horizon\\Console\\WorkCommand), Object(Symfony\\Component\\Console\\Input\\ArgvInput), Object(Symfony\\Component\\Console\\Output\\ConsoleOutput))
#34 /var/www/vendor/symfony/console/Application.php(195): Symfony\\Component\\Console\\Application->doRun(Object(Symfony\\Component\\Console\\Input\\ArgvInput), Object(Symfony\\Component\\Console\\Output\\ConsoleOutput))
#35 /var/www/vendor/laravel/framework/src/Illuminate/Foundation/Console/Kernel.php(198): Symfony\\Component\\Console\\Application->run(Object(Symfony\\Component\\Console\\Input\\ArgvInput), Object(Symfony\\Component\\Console\\Output\\ConsoleOutput))
#36 /var/www/artisan(12): Illuminate\\Foundation\\Console\\Kernel->handle(Object(Symfony\\Component\\Console\\Input\\ArgvInput), Object(Symfony\\Component\\Console\\Output\\ConsoleOutput))
#37 {main}
"} 
[2026-07-15 15:32:27] local.ERROR: Call to undefined method App\Domains\Reservation\Models\Reservation::notify() {"exception":"[object] (BadMethodCallException(code: 0): Call to undefined method App\\Domains\\Reservation\\Models\\Reservation::notify() at /var/www/vendor/laravel/framework/src/Illuminate/Support/Traits/ForwardsCalls.php:67)
[stacktrace]
#0 /var/www/vendor/laravel/framework/src/Illuminate/Support/Traits/ForwardsCalls.php(36): Illuminate\\Database\\Eloquent\\Model::throwBadMethodCallException('notify')
#1 /var/www/vendor/laravel/framework/src/Illuminate/Database/Eloquent/Model.php(2372): Illuminate\\Database\\Eloquent\\Model->forwardCallTo(Object(Illuminate\\Database\\Eloquent\\Builder), 'notify', Array)
#2 /var/www/app/Jobs/SendCheckinEmail.php(25): Illuminate\\Database\\Eloquent\\Model->__call('notify', Array)
#3 /var/www/vendor/laravel/framework/src/Illuminate/Container/BoundMethod.php(36): App\\Jobs\\SendCheckinEmail->handle()
#4 /var/www/vendor/laravel/framework/src/Illuminate/Container/Util.php(43): Illuminate\\Container\\BoundMethod::Illuminate\\Container\\{closure}()
#5 /var/www/vendor/laravel/framework/src/Illuminate/Container/BoundMethod.php(95): Illuminate\\Container\\Util::unwrapIfClosure(Object(Closure))
#6 /var/www/vendor/laravel/framework/src/Illuminate/Container/BoundMethod.php(35): Illuminate\\Container\\BoundMethod::callBoundMethod(Object(Illuminate\\Foundation\\Application), Array, Object(Closure))
#7 /var/www/vendor/laravel/framework/src/Illuminate/Container/Container.php(696): Illuminate\\Container\\BoundMethod::call(Object(Illuminate\\Foundation\\Application), Array, Array, NULL)
#8 /var/www/vendor/laravel/framework/src/Illuminate/Bus/Dispatcher.php(126): Illuminate\\Container\\Container->call(Array)
#9 /var/www/vendor/laravel/framework/src/Illuminate/Pipeline/Pipeline.php(170): Illuminate\\Bus\\Dispatcher->Illuminate\\Bus\\{closure}(Object(App\\Jobs\\SendCheckinEmail))
#10 /var/www/vendor/laravel/framework/src/Illuminate/Pipeline/Pipeline.php(127): Illuminate\\Pipeline\\Pipeline->Illuminate\\Pipeline\\{closure}(Object(App\\Jobs\\SendCheckinEmail))
#11 /var/www/vendor/laravel/framework/src/Illuminate/Bus/Dispatcher.php(130): Illuminate\\Pipeline\\Pipeline->then(Object(Closure))
#12 /var/www/vendor/laravel/framework/src/Illuminate/Queue/CallQueuedHandler.php(126): Illuminate\\Bus\\Dispatcher->dispatchNow(Object(App\\Jobs\\SendCheckinEmail), false)
#13 /var/www/vendor/laravel/framework/src/Illuminate/Pipeline/Pipeline.php(170): Illuminate\\Queue\\CallQueuedHandler->Illuminate\\Queue\\{closure}(Object(App\\Jobs\\SendCheckinEmail))
#14 /var/www/vendor/laravel/framework/src/Illuminate/Pipeline/Pipeline.php(127): Illuminate\\Pipeline\\Pipeline->Illuminate\\Pipeline\\{closure}(Object(App\\Jobs\\SendCheckinEmail))
#15 /var/www/vendor/laravel/framework/src/Illuminate/Queue/CallQueuedHandler.php(121): Illuminate\\Pipeline\\Pipeline->then(Object(Closure))
#16 /var/www/vendor/laravel/framework/src/Illuminate/Queue/CallQueuedHandler.php(69): Illuminate\\Queue\\CallQueuedHandler->dispatchThroughMiddleware(Object(Illuminate\\Queue\\Jobs\\RedisJob), Object(App\\Jobs\\SendCheckinEmail))
#17 /var/www/vendor/laravel/framework/src/Illuminate/Queue/Jobs/Job.php(102): Illuminate\\Queue\\CallQueuedHandler->call(Object(Illuminate\\Queue\\Jobs\\RedisJob), Array)
#18 /var/www/vendor/laravel/framework/src/Illuminate/Queue/Worker.php(461): Illuminate\\Queue\\Jobs\\Job->fire()
#19 /var/www/vendor/laravel/framework/src/Illuminate/Queue/Worker.php(411): Illuminate\\Queue\\Worker->process('redis', Object(Illuminate\\Queue\\Jobs\\RedisJob), Object(Illuminate\\Queue\\WorkerOptions))
#20 /var/www/vendor/laravel/framework/src/Illuminate/Queue/Worker.php(189): Illuminate\\Queue\\Worker->runJob(Object(Illuminate\\Queue\\Jobs\\RedisJob), 'redis', Object(Illuminate\\Queue\\WorkerOptions))
#21 /var/www/vendor/laravel/framework/src/Illuminate/Queue/Console/WorkCommand.php(150): Illuminate\\Queue\\Worker->daemon('redis', 'default', Object(Illuminate\\Queue\\WorkerOptions))
#22 /var/www/vendor/laravel/framework/src/Illuminate/Queue/Console/WorkCommand.php(133): Illuminate\\Queue\\Console\\WorkCommand->runWorker('redis', 'default')
#23 /var/www/vendor/laravel/horizon/src/Console/WorkCommand.php(53): Illuminate\\Queue\\Console\\WorkCommand->handle()
#24 /var/www/vendor/laravel/framework/src/Illuminate/Container/BoundMethod.php(36): Laravel\\Horizon\\Console\\WorkCommand->handle()
#25 /var/www/vendor/laravel/framework/src/Illuminate/Container/Util.php(43): Illuminate\\Container\\BoundMethod::Illuminate\\Container\\{closure}()
#26 /var/www/vendor/laravel/framework/src/Illuminate/Container/BoundMethod.php(95): Illuminate\\Container\\Util::unwrapIfClosure(Object(Closure))
#27 /var/www/vendor/laravel/framework/src/Illuminate/Container/BoundMethod.php(35): Illuminate\\Container\\BoundMethod::callBoundMethod(Object(Illuminate\\Foundation\\Application), Array, Object(Closure))
#28 /var/www/vendor/laravel/framework/src/Illuminate/Container/Container.php(696): Illuminate\\Container\\BoundMethod::call(Object(Illuminate\\Foundation\\Application), Array, Array, NULL)
#29 /var/www/vendor/laravel/framework/src/Illuminate/Console/Command.php(213): Illuminate\\Container\\Container->call(Array)
#30 /var/www/vendor/symfony/console/Command/Command.php(341): Illuminate\\Console\\Command->execute(Object(Symfony\\Component\\Console\\Input\\ArgvInput), Object(Illuminate\\Console\\OutputStyle))
#31 /var/www/vendor/laravel/framework/src/Illuminate/Console/Command.php(182): Symfony\\Component\\Console\\Command\\Command->run(Object(Symfony\\Component\\Console\\Input\\ArgvInput), Object(Illuminate\\Console\\OutputStyle))
#32 /var/www/vendor/symfony/console/Application.php(1117): Illuminate\\Console\\Command->run(Object(Symfony\\Component\\Console\\Input\\ArgvInput), Object(Symfony\\Component\\Console\\Output\\ConsoleOutput))
#33 /var/www/vendor/symfony/console/Application.php(356): Symfony\\Component\\Console\\Application->doRunCommand(Object(Laravel\\Horizon\\Console\\WorkCommand), Object(Symfony\\Component\\Console\\Input\\ArgvInput), Object(Symfony\\Component\\Console\\Output\\ConsoleOutput))
#34 /var/www/vendor/symfony/console/Application.php(195): Symfony\\Component\\Console\\Application->doRun(Object(Symfony\\Component\\Console\\Input\\ArgvInput), Object(Symfony\\Component\\Console\\Output\\ConsoleOutput))
#35 /var/www/vendor/laravel/framework/src/Illuminate/Foundation/Console/Kernel.php(198): Symfony\\Component\\Console\\Application->run(Object(Symfony\\Component\\Console\\Input\\ArgvInput), Object(Symfony\\Component\\Console\\Output\\ConsoleOutput))
#36 /var/www/artisan(12): Illuminate\\Foundation\\Console\\Kernel->handle(Object(Symfony\\Component\\Console\\Input\\ArgvInput), Object(Symfony\\Component\\Console\\Output\\ConsoleOutput))
#37 {main}
"} 
[2026-07-15 15:33:24] local.ERROR: Unable to locate file in Vite manifest: resources/css/app.css. (View: /var/www/resources/views/layouts/checkin.blade.php) (View: /var/www/resources/views/layouts/checkin.blade.php) {"userId":4,"exception":"[object] (Illuminate\\View\\ViewException(code: 0): Unable to locate file in Vite manifest: resources/css/app.css. (View: /var/www/resources/views/layouts/checkin.blade.php) (View: /var/www/resources/views/layouts/checkin.blade.php) at /var/www/vendor/laravel/framework/src/Illuminate/Foundation/Vite.php:987)
[stacktrace]
#0 /var/www/vendor/livewire/livewire/src/Mechanisms/ExtendBlade/ExtendedCompilerEngine.php(58): Illuminate\\View\\Engines\\CompilerEngine->handleViewException(Object(Illuminate\\View\\ViewException), 0)
#1 /var/www/vendor/laravel/framework/src/Illuminate/View/Engines/PhpEngine.php(60): Livewire\\Mechanisms\\ExtendBlade\\ExtendedCompilerEngine->handleViewException(Object(Illuminate\\View\\ViewException), 0)
#2 /var/www/vendor/livewire/livewire/src/Mechanisms/ExtendBlade/ExtendedCompilerEngine.php(22): Illuminate\\View\\Engines\\PhpEngine->evaluatePath('/var/www/storag...', Array)
#3 /var/www/vendor/laravel/framework/src/Illuminate/View/Engines/CompilerEngine.php(75): Livewire\\Mechanisms\\ExtendBlade\\ExtendedCompilerEngine->evaluatePath('/var/www/storag...', Array)
#4 /var/www/vendor/livewire/livewire/src/Mechanisms/ExtendBlade/ExtendedCompilerEngine.php(10): Illuminate\\View\\Engines\\CompilerEngine->get('/var/www/resour...', Array)
#5 /var/www/vendor/laravel/framework/src/Illuminate/View/View.php(209): Livewire\\Mechanisms\\ExtendBlade\\ExtendedCompilerEngine->get('/var/www/resour...', Array)
#6 /var/www/vendor/laravel/framework/src/Illuminate/View/View.php(192): Illuminate\\View\\View->getContents()
#7 /var/www/vendor/laravel/framework/src/Illuminate/View/View.php(161): Illuminate\\View\\View->renderContents()
#8 /var/www/vendor/laravel/framework/src/Illuminate/Http/Response.php(79): Illuminate\\View\\View->render()
#9 /var/www/vendor/laravel/framework/src/Illuminate/Http/Response.php(35): Illuminate\\Http\\Response->setContent(Object(Illuminate\\View\\View))
#10 /var/www/vendor/laravel/framework/src/Illuminate/Routing/Router.php(920): Illuminate\\Http\\Response->__construct(Object(Illuminate\\View\\View), 200, Array)
#11 /var/www/vendor/laravel/framework/src/Illuminate/Routing/Router.php(887): Illuminate\\Routing\\Router::toResponse(Object(Illuminate\\Http\\Request), Object(Illuminate\\View\\View))
#12 /var/www/vendor/laravel/framework/src/Illuminate/Routing/Router.php(807): Illuminate\\Routing\\Router->prepareResponse(Object(Illuminate\\Http\\Request), Object(Illuminate\\View\\View))
#13 /var/www/vendor/laravel/framework/src/Illuminate/Pipeline/Pipeline.php(170): Illuminate\\Routing\\Router->Illuminate\\Routing\\{closure}(Object(Illuminate\\Http\\Request))
#14 /var/www/app/Http/Middleware/SetTenant.php(36): Illuminate\\Pipeline\\Pipeline->Illuminate\\Pipeline\\{closure}(Object(Illuminate\\Http\\Request))
#15 /var/www/vendor/laravel/framework/src/Illuminate/Pipeline/Pipeline.php(209): App\\Http\\Middleware\\SetTenant->handle(Object(Illuminate\\Http\\Request), Object(Closure))
#16 /var/www/vendor/laravel/framework/src/Illuminate/Routing/Middleware/SubstituteBindings.php(51): Illuminate\\Pipeline\\Pipeline->Illuminate\\Pipeline\\{closure}(Object(Illuminate\\Http\\Request))
#17 /var/www/vendor/laravel/framework/src/Illuminate/Pipeline/Pipeline.php(209): Illuminate\\Routing\\Middleware\\SubstituteBindings->handle(Object(Illuminate\\Http\\Request), Object(Closure))
#18 /var/www/vendor/laravel/framework/src/Illuminate/Foundation/Http/Middleware/VerifyCsrfToken.php(88): Illuminate\\Pipeline\\Pipeline->Illuminate\\Pipeline\\{closure}(Object(Illuminate\\Http\\Request))
#19 /var/www/vendor/laravel/framework/src/Illuminate/Pipeline/Pipeline.php(209): Illuminate\\Foundation\\Http\\Middleware\\VerifyCsrfToken->handle(Object(Illuminate\\Http\\Request), Object(Closure))
#20 /var/www/vendor/laravel/framework/src/Illuminate/View/Middleware/ShareErrorsFromSession.php(49): Illuminate\\Pipeline\\Pipeline->Illuminate\\Pipeline\\{closure}(Object(Illuminate\\Http\\Request))
#21 /var/www/vendor/laravel/framework/src/Illuminate/Pipeline/Pipeline.php(209): Illuminate\\View\\Middleware\\ShareErrorsFromSession->handle(Object(Illuminate\\Http\\Request), Object(Closure))
#22 /var/www/vendor/laravel/framework/src/Illuminate/Session/Middleware/StartSession.php(121): Illuminate\\Pipeline\\Pipeline->Illuminate\\Pipeline\\{closure}(Object(Illuminate\\Http\\Request))
#23 /var/www/vendor/laravel/framework/src/Illuminate/Session/Middleware/StartSession.php(64): Illuminate\\Session\\Middleware\\StartSession->handleStatefulRequest(Object(Illuminate\\Http\\Request), Object(Illuminate\\Session\\Store), Object(Closure))
#24 /var/www/vendor/laravel/framework/src/Illuminate/Pipeline/Pipeline.php(209): Illuminate\\Session\\Middleware\\StartSession->handle(Object(Illuminate\\Http\\Request), Object(Closure))
#25 /var/www/vendor/laravel/framework/src/Illuminate/Cookie/Middleware/AddQueuedCookiesToResponse.php(37): Illuminate\\Pipeline\\Pipeline->Illuminate\\Pipeline\\{closure}(Object(Illuminate\\Http\\Request))
#26 /var/www/vendor/laravel/framework/src/Illuminate/Pipeline/Pipeline.php(209): Illuminate\\Cookie\\Middleware\\AddQueuedCookiesToResponse->handle(Object(Illuminate\\Http\\Request), Object(Closure))
#27 /var/www/vendor/laravel/framework/src/Illuminate/Cookie/Middleware/EncryptCookies.php(75): Illuminate\\Pipeline\\Pipeline->Illuminate\\Pipeline\\{closure}(Object(Illuminate\\Http\\Request))
#28 /var/www/vendor/laravel/framework/src/Illuminate/Pipeline/Pipeline.php(209): Illuminate\\Cookie\\Middleware\\EncryptCookies->handle(Object(Illuminate\\Http\\Request), Object(Closure))
#29 /var/www/vendor/laravel/framework/src/Illuminate/Pipeline/Pipeline.php(127): Illuminate\\Pipeline\\Pipeline->Illuminate\\Pipeline\\{closure}(Object(Illuminate\\Http\\Request))
#30 /var/www/vendor/laravel/framework/src/Illuminate/Routing/Router.php(807): Illuminate\\Pipeline\\Pipeline->then(Object(Closure))
#31 /var/www/vendor/laravel/framework/src/Illuminate/Routing/Router.php(786): Illuminate\\Routing\\Router->runRouteWithinStack(Object(Illuminate\\Routing\\Route), Object(Illuminate\\Http\\Request))
#32 /var/www/vendor/laravel/framework/src/Illuminate/Routing/Router.php(750): Illuminate\\Routing\\Router->runRoute(Object(Illuminate\\Http\\Request), Object(Illuminate\\Routing\\Route))
#33 /var/www/vendor/laravel/framework/src/Illuminate/Routing/Router.php(739): Illuminate\\Routing\\Router->dispatchToRoute(Object(Illuminate\\Http\\Request))
#34 /var/www/vendor/laravel/framework/src/Illuminate/Foundation/Http/Kernel.php(201): Illuminate\\Routing\\Router->dispatch(Object(Illuminate\\Http\\Request))
#35 /var/www/vendor/laravel/framework/src/Illuminate/Pipeline/Pipeline.php(170): Illuminate\\Foundation\\Http\\Kernel->Illuminate\\Foundation\\Http\\{closure}(Object(Illuminate\\Http\\Request))
#36 /var/www/vendor/livewire/livewire/src/Features/SupportDisablingBackButtonCache/DisableBackButtonCacheMiddleware.php(19): Illuminate\\Pipeline\\Pipeline->Illuminate\\Pipeline\\{closure}(Object(Illuminate\\Http\\Request))
#37 /var/www/vendor/laravel/framework/src/Illuminate/Pipeline/Pipeline.php(209): Livewire\\Features\\SupportDisablingBackButtonCache\\DisableBackButtonCacheMiddleware->handle(Object(Illuminate\\Http\\Request), Object(Closure))
#38 /var/www/vendor/laravel/framework/src/Illuminate/Foundation/Http/Middleware/TransformsRequest.php(21): Illuminate\\Pipeline\\Pipeline->Illuminate\\Pipeline\\{closure}(Object(Illuminate\\Http\\Request))
#39 /var/www/vendor/laravel/framework/src/Illuminate/Foundation/Http/Middleware/ConvertEmptyStringsToNull.php(31): Illuminate\\Foundation\\Http\\Middleware\\TransformsRequest->handle(Object(Illuminate\\Http\\Request), Object(Closure))
#40 /var/www/vendor/laravel/framework/src/Illuminate/Pipeline/Pipeline.php(209): Illuminate\\Foundation\\Http\\Middleware\\ConvertEmptyStringsToNull->handle(Object(Illuminate\\Http\\Request), Object(Closure))
#41 /var/www/vendor/laravel/framework/src/Illuminate/Foundation/Http/Middleware/TransformsRequest.php(21): Illuminate\\Pipeline\\Pipeline->Illuminate\\Pipeline\\{closure}(Object(Illuminate\\Http\\Request))
#42 /var/www/vendor/laravel/framework/src/Illuminate/Foundation/Http/Middleware/TrimStrings.php(51): Illuminate\\Foundation\\Http\\Middleware\\TransformsRequest->handle(Object(Illuminate\\Http\\Request), Object(Closure))
#43 /var/www/vendor/laravel/framework/src/Illuminate/Pipeline/Pipeline.php(209): Illuminate\\Foundation\\Http\\Middleware\\TrimStrings->handle(Object(Illuminate\\Http\\Request), Object(Closure))
#44 /var/www/vendor/laravel/framework/src/Illuminate/Http/Middleware/ValidatePostSize.php(27): Illuminate\\Pipeline\\Pipeline->Illuminate\\Pipeline\\{closure}(Object(Illuminate\\Http\\Request))
#45 /var/www/vendor/laravel/framework/src/Illuminate/Pipeline/Pipeline.php(209): Illuminate\\Http\\Middleware\\ValidatePostSize->handle(Object(Illuminate\\Http\\Request), Object(Closure))
#46 /var/www/vendor/laravel/framework/src/Illuminate/Foundation/Http/Middleware/PreventRequestsDuringMaintenance.php(110): Illuminate\\Pipeline\\Pipeline->Illuminate\\Pipeline\\{closure}(Object(Illuminate\\Http\\Request))
#47 /var/www/vendor/laravel/framework/src/Illuminate/Pipeline/Pipeline.php(209): Illuminate\\Foundation\\Http\\Middleware\\PreventRequestsDuringMaintenance->handle(Object(Illuminate\\Http\\Request), Object(Closure))
#48 /var/www/vendor/laravel/framework/src/Illuminate/Http/Middleware/HandleCors.php(49): Illuminate\\Pipeline\\Pipeline->Illuminate\\Pipeline\\{closure}(Object(Illuminate\\Http\\Request))
#49 /var/www/vendor/laravel/framework/src/Illuminate/Pipeline/Pipeline.php(209): Illuminate\\Http\\Middleware\\HandleCors->handle(Object(Illuminate\\Http\\Request), Object(Closure))
#50 /var/www/vendor/laravel/framework/src/Illuminate/Http/Middleware/TrustProxies.php(58): Illuminate\\Pipeline\\Pipeline->Illuminate\\Pipeline\\{closure}(Object(Illuminate\\Http\\Request))
#51 /var/www/vendor/laravel/framework/src/Illuminate/Pipeline/Pipeline.php(209): Illuminate\\Http\\Middleware\\TrustProxies->handle(Object(Illuminate\\Http\\Request), Object(Closure))
#52 /var/www/vendor/laravel/framework/src/Illuminate/Http/Middleware/TrustHosts.php(79): Illuminate\\Pipeline\\Pipeline->Illuminate\\Pipeline\\{closure}(Object(Illuminate\\Http\\Request))
#53 /var/www/vendor/laravel/framework/src/Illuminate/Pipeline/Pipeline.php(209): Illuminate\\Http\\Middleware\\TrustHosts->handle(Object(Illuminate\\Http\\Request), Object(Closure))
#54 /var/www/vendor/laravel/framework/src/Illuminate/Pipeline/Pipeline.php(127): Illuminate\\Pipeline\\Pipeline->Illuminate\\Pipeline\\{closure}(Object(Illuminate\\Http\\Request))
#55 /var/www/vendor/laravel/framework/src/Illuminate/Foundation/Http/Kernel.php(176): Illuminate\\Pipeline\\Pipeline->then(Object(Closure))
#56 /var/www/vendor/laravel/framework/src/Illuminate/Foundation/Http/Kernel.php(145): Illuminate\\Foundation\\Http\\Kernel->sendRequestThroughRouter(Object(Illuminate\\Http\\Request))
#57 /var/www/public/index.php(17): Illuminate\\Foundation\\Http\\Kernel->handle(Object(Illuminate\\Http\\Request))
#58 {main}

[previous exception] [object] (Illuminate\\View\\ViewException(code: 0): Unable to locate file in Vite manifest: resources/css/app.css. (View: /var/www/resources/views/layouts/checkin.blade.php) at /var/www/vendor/laravel/framework/src/Illuminate/Foundation/Vite.php:987)
[stacktrace]
#0 /var/www/vendor/livewire/livewire/src/Mechanisms/ExtendBlade/ExtendedCompilerEngine.php(58): Illuminate\\View\\Engines\\CompilerEngine->handleViewException(Object(Illuminate\\Foundation\\ViteException), 1)
#1 /var/www/vendor/laravel/framework/src/Illuminate/View/Engines/PhpEngine.php(60): Livewire\\Mechanisms\\ExtendBlade\\ExtendedCompilerEngine->handleViewException(Object(Illuminate\\Foundation\\ViteException), 1)
#2 /var/www/vendor/livewire/livewire/src/Mechanisms/ExtendBlade/ExtendedCompilerEngine.php(22): Illuminate\\View\\Engines\\PhpEngine->evaluatePath('/var/www/storag...', Array)
#3 /var/www/vendor/laravel/framework/src/Illuminate/View/Engines/CompilerEngine.php(75): Livewire\\Mechanisms\\ExtendBlade\\ExtendedCompilerEngine->evaluatePath('/var/www/storag...', Array)
#4 /var/www/vendor/livewire/livewire/src/Mechanisms/ExtendBlade/ExtendedCompilerEngine.php(10): Illuminate\\View\\Engines\\CompilerEngine->get('/var/www/resour...', Array)
#5 /var/www/vendor/laravel/framework/src/Illuminate/View/View.php(209): Livewire\\Mechanisms\\ExtendBlade\\ExtendedCompilerEngine->get('/var/www/resour...', Array)
#6 /var/www/vendor/laravel/framework/src/Illuminate/View/View.php(192): Illuminate\\View\\View->getContents()
#7 /var/www/vendor/laravel/framework/src/Illuminate/View/View.php(161): Illuminate\\View\\View->renderContents()
#8 /var/www/storage/framework/views/70cdcf2b2e6acf9a918c75fe32dad8e3.php(216): Illuminate\\View\\View->render()
#9 /var/www/vendor/laravel/framework/src/Illuminate/Filesystem/Filesystem.php(123): require('/var/www/storag...')
#10 /var/www/vendor/laravel/framework/src/Illuminate/Filesystem/Filesystem.php(124): Illuminate\\Filesystem\\Filesystem::Illuminate\\Filesystem\\{closure}()
#11 /var/www/vendor/laravel/framework/src/Illuminate/View/Engines/PhpEngine.php(58): Illuminate\\Filesystem\\Filesystem->getRequire('/var/www/storag...', Array)
#12 /var/www/vendor/livewire/livewire/src/Mechanisms/ExtendBlade/ExtendedCompilerEngine.php(22): Illuminate\\View\\Engines\\PhpEngine->evaluatePath('/var/www/storag...', Array)
#13 /var/www/vendor/laravel/framework/src/Illuminate/View/Engines/CompilerEngine.php(75): Livewire\\Mechanisms\\ExtendBlade\\ExtendedCompilerEngine->evaluatePath('/var/www/storag...', Array)
#14 /var/www/vendor/livewire/livewire/src/Mechanisms/ExtendBlade/ExtendedCompilerEngine.php(10): Illuminate\\View\\Engines\\CompilerEngine->get('/var/www/resour...', Array)
#15 /var/www/vendor/laravel/framework/src/Illuminate/View/View.php(209): Livewire\\Mechanisms\\ExtendBlade\\ExtendedCompilerEngine->get('/var/www/resour...', Array)
#16 /var/www/vendor/laravel/framework/src/Illuminate/View/View.php(192): Illuminate\\View\\View->getContents()
#17 /var/www/vendor/laravel/framework/src/Illuminate/View/View.php(161): Illuminate\\View\\View->renderContents()
#18 /var/www/vendor/laravel/framework/src/Illuminate/Http/Response.php(79): Illuminate\\View\\View->render()
#19 /var/www/vendor/laravel/framework/src/Illuminate/Http/Response.php(35): Illuminate\\Http\\Response->setContent(Object(Illuminate\\View\\View))
#20 /var/www/vendor/laravel/framework/src/Illuminate/Routing/Router.php(920): Illuminate\\Http\\Response->__construct(Object(Illuminate\\View\\View), 200, Array)
#21 /var/www/vendor/laravel/framework/src/Illuminate/Routing/Router.php(887): Illuminate\\Routing\\Router::toResponse(Object(Illuminate\\Http\\Request), Object(Illuminate\\View\\View))
#22 /var/www/vendor/laravel/framework/src/Illuminate/Routing/Router.php(807): Illuminate\\Routing\\Router->prepareResponse(Object(Illuminate\\Http\\Request), Object(Illuminate\\View\\View))
#23 /var/www/vendor/laravel/framework/src/Illuminate/Pipeline/Pipeline.php(170): Illuminate\\Routing\\Router->Illuminate\\Routing\\{closure}(Object(Illuminate\\Http\\Request))
#24 /var/www/app/Http/Middleware/SetTenant.php(36): Illuminate\\Pipeline\\Pipeline->Illuminate\\Pipeline\\{closure}(Object(Illuminate\\Http\\Request))
#25 /var/www/vendor/laravel/framework/src/Illuminate/Pipeline/Pipeline.php(209): App\\Http\\Middleware\\SetTenant->handle(Object(Illuminate\\Http\\Request), Object(Closure))
#26 /var/www/vendor/laravel/framework/src/Illuminate/Routing/Middleware/SubstituteBindings.php(51): Illuminate\\Pipeline\\Pipeline->Illuminate\\Pipeline\\{closure}(Object(Illuminate\\Http\\Request))
#27 /var/www/vendor/laravel/framework/src/Illuminate/Pipeline/Pipeline.php(209): Illuminate\\Routing\\Middleware\\SubstituteBindings->handle(Object(Illuminate\\Http\\Request), Object(Closure))
#28 /var/www/vendor/laravel/framework/src/Illuminate/Foundation/Http/Middleware/VerifyCsrfToken.php(88): Illuminate\\Pipeline\\Pipeline->Illuminate\\Pipeline\\{closure}(Object(Illuminate\\Http\\Request))
#29 /var/www/vendor/laravel/framework/src/Illuminate/Pipeline/Pipeline.php(209): Illuminate\\Foundation\\Http\\Middleware\\VerifyCsrfToken->handle(Object(Illuminate\\Http\\Request), Object(Closure))
#30 /var/www/vendor/laravel/framework/src/Illuminate/View/Middleware/ShareErrorsFromSession.php(49): Illuminate\\Pipeline\\Pipeline->Illuminate\\Pipeline\\{closure}(Object(Illuminate\\Http\\Request))
#31 /var/www/vendor/laravel/framework/src/Illuminate/Pipeline/Pipeline.php(209): Illuminate\\View\\Middleware\\ShareErrorsFromSession->handle(Object(Illuminate\\Http\\Request), Object(Closure))
#32 /var/www/vendor/laravel/framework/src/Illuminate/Session/Middleware/StartSession.php(121): Illuminate\\Pipeline\\Pipeline->Illuminate\\Pipeline\\{closure}(Object(Illuminate\\Http\\Request))
#33 /var/www/vendor/laravel/framework/src/Illuminate/Session/Middleware/StartSession.php(64): Illuminate\\Session\\Middleware\\StartSession->handleStatefulRequest(Object(Illuminate\\Http\\Request), Object(Illuminate\\Session\\Store), Object(Closure))
#34 /var/www/vendor/laravel/framework/src/Illuminate/Pipeline/Pipeline.php(209): Illuminate\\Session\\Middleware\\StartSession->handle(Object(Illuminate\\Http\\Request), Object(Closure))
#35 /var/www/vendor/laravel/framework/src/Illuminate/Cookie/Middleware/AddQueuedCookiesToResponse.php(37): Illuminate\\Pipeline\\Pipeline->Illuminate\\Pipeline\\{closure}(Object(Illuminate\\Http\\Request))
#36 /var/www/vendor/laravel/framework/src/Illuminate/Pipeline/Pipeline.php(209): Illuminate\\Cookie\\Middleware\\AddQueuedCookiesToResponse->handle(Object(Illuminate\\Http\\Request), Object(Closure))
#37 /var/www/vendor/laravel/framework/src/Illuminate/Cookie/Middleware/EncryptCookies.php(75): Illuminate\\Pipeline\\Pipeline->Illuminate\\Pipeline\\{closure}(Object(Illuminate\\Http\\Request))
#38 /var/www/vendor/laravel/framework/src/Illuminate/Pipeline/Pipeline.php(209): Illuminate\\Cookie\\Middleware\\EncryptCookies->handle(Object(Illuminate\\Http\\Request), Object(Closure))
#39 /var/www/vendor/laravel/framework/src/Illuminate/Pipeline/Pipeline.php(127): Illuminate\\Pipeline\\Pipeline->Illuminate\\Pipeline\\{closure}(Object(Illuminate\\Http\\Request))
#40 /var/www/vendor/laravel/framework/src/Illuminate/Routing/Router.php(807): Illuminate\\Pipeline\\Pipeline->then(Object(Closure))
#41 /var/www/vendor/laravel/framework/src/Illuminate/Routing/Router.php(786): Illuminate\\Routing\\Router->runRouteWithinStack(Object(Illuminate\\Routing\\Route), Object(Illuminate\\Http\\Request))
#42 /var/www/vendor/laravel/framework/src/Illuminate/Routing/Router.php(750): Illuminate\\Routing\\Router->runRoute(Object(Illuminate\\Http\\Request), Object(Illuminate\\Routing\\Route))
#43 /var/www/vendor/laravel/framework/src/Illuminate/Routing/Router.php(739): Illuminate\\Routing\\Router->dispatchToRoute(Object(Illuminate\\Http\\Request))
#44 /var/www/vendor/laravel/framework/src/Illuminate/Foundation/Http/Kernel.php(201): Illuminate\\Routing\\Router->dispatch(Object(Illuminate\\Http\\Request))
#45 /var/www/vendor/laravel/framework/src/Illuminate/Pipeline/Pipeline.php(170): Illuminate\\Foundation\\Http\\Kernel->Illuminate\\Foundation\\Http\\{closure}(Object(Illuminate\\Http\\Request))
#46 /var/www/vendor/livewire/livewire/src/Features/SupportDisablingBackButtonCache/DisableBackButtonCacheMiddleware.php(19): Illuminate\\Pipeline\\Pipeline->Illuminate\\Pipeline\\{closure}(Object(Illuminate\\Http\\Request))
#47 /var/www/vendor/laravel/framework/src/Illuminate/Pipeline/Pipeline.php(209): Livewire\\Features\\SupportDisablingBackButtonCache\\DisableBackButtonCacheMiddleware->handle(Object(Illuminate\\Http\\Request), Object(Closure))
#48 /var/www/vendor/laravel/framework/src/Illuminate/Foundation/Http/Middleware/TransformsRequest.php(21): Illuminate\\Pipeline\\Pipeline->Illuminate\\Pipeline\\{closure}(Object(Illuminate\\Http\\Request))
#49 /var/www/vendor/laravel/framework/src/Illuminate/Foundation/Http/Middleware/ConvertEmptyStringsToNull.php(31): Illuminate\\Foundation\\Http\\Middleware\\TransformsRequest->handle(Object(Illuminate\\Http\\Request), Object(Closure))
#50 /var/www/vendor/laravel/framework/src/Illuminate/Pipeline/Pipeline.php(209): Illuminate\\Foundation\\Http\\Middleware\\ConvertEmptyStringsToNull->handle(Object(Illuminate\\Http\\Request), Object(Closure))
#51 /var/www/vendor/laravel/framework/src/Illuminate/Foundation/Http/Middleware/TransformsRequest.php(21): Illuminate\\Pipeline\\Pipeline->Illuminate\\Pipeline\\{closure}(Object(Illuminate\\Http\\Request))
#52 /var/www/vendor/laravel/framework/src/Illuminate/Foundation/Http/Middleware/TrimStrings.php(51): Illuminate\\Foundation\\Http\\Middleware\\TransformsRequest->handle(Object(Illuminate\\Http\\Request), Object(Closure))
#53 /var/www/vendor/laravel/framework/src/Illuminate/Pipeline/Pipeline.php(209): Illuminate\\Foundation\\Http\\Middleware\\TrimStrings->handle(Object(Illuminate\\Http\\Request), Object(Closure))
#54 /var/www/vendor/laravel/framework/src/Illuminate/Http/Middleware/ValidatePostSize.php(27): Illuminate\\Pipeline\\Pipeline->Illuminate\\Pipeline\\{closure}(Object(Illuminate\\Http\\Request))
#55 /var/www/vendor/laravel/framework/src/Illuminate/Pipeline/Pipeline.php(209): Illuminate\\Http\\Middleware\\ValidatePostSize->handle(Object(Illuminate\\Http\\Request), Object(Closure))
#56 /var/www/vendor/laravel/framework/src/Illuminate/Foundation/Http/Middleware/PreventRequestsDuringMaintenance.php(110): Illuminate\\Pipeline\\Pipeline->Illuminate\\Pipeline\\{closure}(Object(Illuminate\\Http\\Request))
#57 /var/www/vendor/laravel/framework/src/Illuminate/Pipeline/Pipeline.php(209): Illuminate\\Foundation\\Http\\Middleware\\PreventRequestsDuringMaintenance->handle(Object(Illuminate\\Http\\Request), Object(Closure))
#58 /var/www/vendor/laravel/framework/src/Illuminate/Http/Middleware/HandleCors.php(49): Illuminate\\Pipeline\\Pipeline->Illuminate\\Pipeline\\{closure}(Object(Illuminate\\Http\\Request))
#59 /var/www/vendor/laravel/framework/src/Illuminate/Pipeline/Pipeline.php(209): Illuminate\\Http\\Middleware\\HandleCors->handle(Object(Illuminate\\Http\\Request), Object(Closure))
#60 /var/www/vendor/laravel/framework/src/Illuminate/Http/Middleware/TrustProxies.php(58): Illuminate\\Pipeline\\Pipeline->Illuminate\\Pipeline\\{closure}(Object(Illuminate\\Http\\Request))
#61 /var/www/vendor/laravel/framework/src/Illuminate/Pipeline/Pipeline.php(209): Illuminate\\Http\\Middleware\\TrustProxies->handle(Object(Illuminate\\Http\\Request), Object(Closure))
#62 /var/www/vendor/laravel/framework/src/Illuminate/Http/Middleware/TrustHosts.php(79): Illuminate\\Pipeline\\Pipeline->Illuminate\\Pipeline\\{closure}(Object(Illuminate\\Http\\Request))
#63 /var/www/vendor/laravel/framework/src/Illuminate/Pipeline/Pipeline.php(209): Illuminate\\Http\\Middleware\\TrustHosts->handle(Object(Illuminate\\Http\\Request), Object(Closure))
#64 /var/www/vendor/laravel/framework/src/Illuminate/Pipeline/Pipeline.php(127): Illuminate\\Pipeline\\Pipeline->Illuminate\\Pipeline\\{closure}(Object(Illuminate\\Http\\Request))
#65 /var/www/vendor/laravel/framework/src/Illuminate/Foundation/Http/Kernel.php(176): Illuminate\\Pipeline\\Pipeline->then(Object(Closure))
#66 /var/www/vendor/laravel/framework/src/Illuminate/Foundation/Http/Kernel.php(145): Illuminate\\Foundation\\Http\\Kernel->sendRequestThroughRouter(Object(Illuminate\\Http\\Request))
#67 /var/www/public/index.php(17): Illuminate\\Foundation\\Http\\Kernel->handle(Object(Illuminate\\Http\\Request))
#68 {main}

[previous exception] [object] (Illuminate\\Foundation\\ViteException(code: 0): Unable to locate file in Vite manifest: resources/css/app.css. at /var/www/vendor/laravel/framework/src/Illuminate/Foundation/Vite.php:987)
[stacktrace]
#0 /var/www/vendor/laravel/framework/src/Illuminate/Foundation/Vite.php(390): Illuminate\\Foundation\\Vite->chunk(NULL, 'resources/css/a...')
#1 /var/www/storage/framework/views/0d96161f87f1cf11a0034bf422972bd8.php(8): Illuminate\\Foundation\\Vite->__invoke(Object(Illuminate\\Support\\Collection))
#2 /var/www/vendor/laravel/framework/src/Illuminate/Filesystem/Filesystem.php(123): require('/var/www/storag...')
#3 /var/www/vendor/laravel/framework/src/Illuminate/Filesystem/Filesystem.php(124): Illuminate\\Filesystem\\Filesystem::Illuminate\\Filesystem\\{closure}()
#4 /var/www/vendor/laravel/framework/src/Illuminate/View/Engines/PhpEngine.php(58): Illuminate\\Filesystem\\Filesystem->getRequire('/var/www/storag...', Array)
#5 /var/www/vendor/livewire/livewire/src/Mechanisms/ExtendBlade/ExtendedCompilerEngine.php(22): Illuminate\\View\\Engines\\PhpEngine->evaluatePath('/var/www/storag...', Array)
#6 /var/www/vendor/laravel/framework/src/Illuminate/View/Engines/CompilerEngine.php(75): Livewire\\Mechanisms\\ExtendBlade\\ExtendedCompilerEngine->evaluatePath('/var/www/storag...', Array)
#7 /var/www/vendor/livewire/livewire/src/Mechanisms/ExtendBlade/ExtendedCompilerEngine.php(10): Illuminate\\View\\Engines\\CompilerEngine->get('/var/www/resour...', Array)
#8 /var/www/vendor/laravel/framework/src/Illuminate/View/View.php(209): Livewire\\Mechanisms\\ExtendBlade\\ExtendedCompilerEngine->get('/var/www/resour...', Array)
#9 /var/www/vendor/laravel/framework/src/Illuminate/View/View.php(192): Illuminate\\View\\View->getContents()
#10 /var/www/vendor/laravel/framework/src/Illuminate/View/View.php(161): Illuminate\\View\\View->renderContents()
#11 /var/www/storage/framework/views/70cdcf2b2e6acf9a918c75fe32dad8e3.php(216): Illuminate\\View\\View->render()
#12 /var/www/vendor/laravel/framework/src/Illuminate/Filesystem/Filesystem.php(123): require('/var/www/storag...')
#13 /var/www/vendor/laravel/framework/src/Illuminate/Filesystem/Filesystem.php(124): Illuminate\\Filesystem\\Filesystem::Illuminate\\Filesystem\\{closure}()
#14 /var/www/vendor/laravel/framework/src/Illuminate/View/Engines/PhpEngine.php(58): Illuminate\\Filesystem\\Filesystem->getRequire('/var/www/storag...', Array)
#15 /var/www/vendor/livewire/livewire/src/Mechanisms/ExtendBlade/ExtendedCompilerEngine.php(22): Illuminate\\View\\Engines\\PhpEngine->evaluatePath('/var/www/storag...', Array)
#16 /var/www/vendor/laravel/framework/src/Illuminate/View/Engines/CompilerEngine.php(75): Livewire\\Mechanisms\\ExtendBlade\\ExtendedCompilerEngine->evaluatePath('/var/www/storag...', Array)
#17 /var/www/vendor/livewire/livewire/src/Mechanisms/ExtendBlade/ExtendedCompilerEngine.php(10): Illuminate\\View\\Engines\\CompilerEngine->get('/var/www/resour...', Array)
#18 /var/www/vendor/laravel/framework/src/Illuminate/View/View.php(209): Livewire\\Mechanisms\\ExtendBlade\\ExtendedCompilerEngine->get('/var/www/resour...', Array)
#19 /var/www/vendor/laravel/framework/src/Illuminate/View/View.php(192): Illuminate\\View\\View->getContents()
#20 /var/www/vendor/laravel/framework/src/Illuminate/View/View.php(161): Illuminate\\View\\View->renderContents()
#21 /var/www/vendor/laravel/framework/src/Illuminate/Http/Response.php(79): Illuminate\\View\\View->render()
#22 /var/www/vendor/laravel/framework/src/Illuminate/Http/Response.php(35): Illuminate\\Http\\Response->setContent(Object(Illuminate\\View\\View))
#23 /var/www/vendor/laravel/framework/src/Illuminate/Routing/Router.php(920): Illuminate\\Http\\Response->__construct(Object(Illuminate\\View\\View), 200, Array)
#24 /var/www/vendor/laravel/framework/src/Illuminate/Routing/Router.php(887): Illuminate\\Routing\\Router::toResponse(Object(Illuminate\\Http\\Request), Object(Illuminate\\View\\View))
#25 /var/www/vendor/laravel/framework/src/Illuminate/Routing/Router.php(807): Illuminate\\Routing\\Router->prepareResponse(Object(Illuminate\\Http\\Request), Object(Illuminate\\View\\View))
#26 /var/www/vendor/laravel/framework/src/Illuminate/Pipeline/Pipeline.php(170): Illuminate\\Routing\\Router->Illuminate\\Routing\\{closure}(Object(Illuminate\\Http\\Request))
#27 /var/www/app/Http/Middleware/SetTenant.php(36): Illuminate\\Pipeline\\Pipeline->Illuminate\\Pipeline\\{closure}(Object(Illuminate\\Http\\Request))
#28 /var/www/vendor/laravel/framework/src/Illuminate/Pipeline/Pipeline.php(209): App\\Http\\Middleware\\SetTenant->handle(Object(Illuminate\\Http\\Request), Object(Closure))
#29 /var/www/vendor/laravel/framework/src/Illuminate/Routing/Middleware/SubstituteBindings.php(51): Illuminate\\Pipeline\\Pipeline->Illuminate\\Pipeline\\{closure}(Object(Illuminate\\Http\\Request))
#30 /var/www/vendor/laravel/framework/src/Illuminate/Pipeline/Pipeline.php(209): Illuminate\\Routing\\Middleware\\SubstituteBindings->handle(Object(Illuminate\\Http\\Request), Object(Closure))
#31 /var/www/vendor/laravel/framework/src/Illuminate/Foundation/Http/Middleware/VerifyCsrfToken.php(88): Illuminate\\Pipeline\\Pipeline->Illuminate\\Pipeline\\{closure}(Object(Illuminate\\Http\\Request))
#32 /var/www/vendor/laravel/framework/src/Illuminate/Pipeline/Pipeline.php(209): Illuminate\\Foundation\\Http\\Middleware\\VerifyCsrfToken->handle(Object(Illuminate\\Http\\Request), Object(Closure))
#33 /var/www/vendor/laravel/framework/src/Illuminate/View/Middleware/ShareErrorsFromSession.php(49): Illuminate\\Pipeline\\Pipeline->Illuminate\\Pipeline\\{closure}(Object(Illuminate\\Http\\Request))
#34 /var/www/vendor/laravel/framework/src/Illuminate/Pipeline/Pipeline.php(209): Illuminate\\View\\Middleware\\ShareErrorsFromSession->handle(Object(Illuminate\\Http\\Request), Object(Closure))
#35 /var/www/vendor/laravel/framework/src/Illuminate/Session/Middleware/StartSession.php(121): Illuminate\\Pipeline\\Pipeline->Illuminate\\Pipeline\\{closure}(Object(Illuminate\\Http\\Request))
#36 /var/www/vendor/laravel/framework/src/Illuminate/Session/Middleware/StartSession.php(64): Illuminate\\Session\\Middleware\\StartSession->handleStatefulRequest(Object(Illuminate\\Http\\Request), Object(Illuminate\\Session\\Store), Object(Closure))
#37 /var/www/vendor/laravel/framework/src/Illuminate/Pipeline/Pipeline.php(209): Illuminate\\Session\\Middleware\\StartSession->handle(Object(Illuminate\\Http\\Request), Object(Closure))
#38 /var/www/vendor/laravel/framework/src/Illuminate/Cookie/Middleware/AddQueuedCookiesToResponse.php(37): Illuminate\\Pipeline\\Pipeline->Illuminate\\Pipeline\\{closure}(Object(Illuminate\\Http\\Request))
#39 /var/www/vendor/laravel/framework/src/Illuminate/Pipeline/Pipeline.php(209): Illuminate\\Cookie\\Middleware\\AddQueuedCookiesToResponse->handle(Object(Illuminate\\Http\\Request), Object(Closure))
#40 /var/www/vendor/laravel/framework/src/Illuminate/Cookie/Middleware/EncryptCookies.php(75): Illuminate\\Pipeline\\Pipeline->Illuminate\\Pipeline\\{closure}(Object(Illuminate\\Http\\Request))
#41 /var/www/vendor/laravel/framework/src/Illuminate/Pipeline/Pipeline.php(209): Illuminate\\Cookie\\Middleware\\EncryptCookies->handle(Object(Illuminate\\Http\\Request), Object(Closure))
#42 /var/www/vendor/laravel/framework/src/Illuminate/Pipeline/Pipeline.php(127): Illuminate\\Pipeline\\Pipeline->Illuminate\\Pipeline\\{closure}(Object(Illuminate\\Http\\Request))
#43 /var/www/vendor/laravel/framework/src/Illuminate/Routing/Router.php(807): Illuminate\\Pipeline\\Pipeline->then(Object(Closure))
#44 /var/www/vendor/laravel/framework/src/Illuminate/Routing/Router.php(786): Illuminate\\Routing\\Router->runRouteWithinStack(Object(Illuminate\\Routing\\Route), Object(Illuminate\\Http\\Request))
#45 /var/www/vendor/laravel/framework/src/Illuminate/Routing/Router.php(750): Illuminate\\Routing\\Router->runRoute(Object(Illuminate\\Http\\Request), Object(Illuminate\\Routing\\Route))
#46 /var/www/vendor/laravel/framework/src/Illuminate/Routing/Router.php(739): Illuminate\\Routing\\Router->dispatchToRoute(Object(Illuminate\\Http\\Request))
#47 /var/www/vendor/laravel/framework/src/Illuminate/Foundation/Http/Kernel.php(201): Illuminate\\Routing\\Router->dispatch(Object(Illuminate\\Http\\Request))
#48 /var/www/vendor/laravel/framework/src/Illuminate/Pipeline/Pipeline.php(170): Illuminate\\Foundation\\Http\\Kernel->Illuminate\\Foundation\\Http\\{closure}(Object(Illuminate\\Http\\Request))
#49 /var/www/vendor/livewire/livewire/src/Features/SupportDisablingBackButtonCache/DisableBackButtonCacheMiddleware.php(19): Illuminate\\Pipeline\\Pipeline->Illuminate\\Pipeline\\{closure}(Object(Illuminate\\Http\\Request))
#50 /var/www/vendor/laravel/framework/src/Illuminate/Pipeline/Pipeline.php(209): Livewire\\Features\\SupportDisablingBackButtonCache\\DisableBackButtonCacheMiddleware->handle(Object(Illuminate\\Http\\Request), Object(Closure))
#51 /var/www/vendor/laravel/framework/src/Illuminate/Foundation/Http/Middleware/TransformsRequest.php(21): Illuminate\\Pipeline\\Pipeline->Illuminate\\Pipeline\\{closure}(Object(Illuminate\\Http\\Request))
#52 /var/www/vendor/laravel/framework/src/Illuminate/Foundation/Http/Middleware/ConvertEmptyStringsToNull.php(31): Illuminate\\Foundation\\Http\\Middleware\\TransformsRequest->handle(Object(Illuminate\\Http\\Request), Object(Closure))
#53 /var/www/vendor/laravel/framework/src/Illuminate/Pipeline/Pipeline.php(209): Illuminate\\Foundation\\Http\\Middleware\\ConvertEmptyStringsToNull->handle(Object(Illuminate\\Http\\Request), Object(Closure))
#54 /var/www/vendor/laravel/framework/src/Illuminate/Foundation/Http/Middleware/TransformsRequest.php(21): Illuminate\\Pipeline\\Pipeline->Illuminate\\Pipeline\\{closure}(Object(Illuminate\\Http\\Request))
#55 /var/www/vendor/laravel/framework/src/Illuminate/Foundation/Http/Middleware/TrimStrings.php(51): Illuminate\\Foundation\\Http\\Middleware\\TransformsRequest->handle(Object(Illuminate\\Http\\Request), Object(Closure))
#56 /var/www/vendor/laravel/framework/src/Illuminate/Pipeline/Pipeline.php(209): Illuminate\\Foundation\\Http\\Middleware\\TrimStrings->handle(Object(Illuminate\\Http\\Request), Object(Closure))
#57 /var/www/vendor/laravel/framework/src/Illuminate/Http/Middleware/ValidatePostSize.php(27): Illuminate\\Pipeline\\Pipeline->Illuminate\\Pipeline\\{closure}(Object(Illuminate\\Http\\Request))
#58 /var/www/vendor/laravel/framework/src/Illuminate/Pipeline/Pipeline.php(209): Illuminate\\Http\\Middleware\\ValidatePostSize->handle(Object(Illuminate\\Http\\Request), Object(Closure))
#59 /var/www/vendor/laravel/framework/src/Illuminate/Foundation/Http/Middleware/PreventRequestsDuringMaintenance.php(110): Illuminate\\Pipeline\\Pipeline->Illuminate\\Pipeline\\{closure}(Object(Illuminate\\Http\\Request))
#60 /var/www/vendor/laravel/framework/src/Illuminate/Pipeline/Pipeline.php(209): Illuminate\\Foundation\\Http\\Middleware\\PreventRequestsDuringMaintenance->handle(Object(Illuminate\\Http\\Request), Object(Closure))
#61 /var/www/vendor/laravel/framework/src/Illuminate/Http/Middleware/HandleCors.php(49): Illuminate\\Pipeline\\Pipeline->Illuminate\\Pipeline\\{closure}(Object(Illuminate\\Http\\Request))
#62 /var/www/vendor/laravel/framework/src/Illuminate/Pipeline/Pipeline.php(209): Illuminate\\Http\\Middleware\\HandleCors->handle(Object(Illuminate\\Http\\Request), Object(Closure))
#63 /var/www/vendor/laravel/framework/src/Illuminate/Http/Middleware/TrustProxies.php(58): Illuminate\\Pipeline\\Pipeline->Illuminate\\Pipeline\\{closure}(Object(Illuminate\\Http\\Request))
#64 /var/www/vendor/laravel/framework/src/Illuminate/Pipeline/Pipeline.php(209): Illuminate\\Http\\Middleware\\TrustProxies->handle(Object(Illuminate\\Http\\Request), Object(Closure))
#65 /var/www/vendor/laravel/framework/src/Illuminate/Http/Middleware/TrustHosts.php(79): Illuminate\\Pipeline\\Pipeline->Illuminate\\Pipeline\\{closure}(Object(Illuminate\\Http\\Request))
#66 /var/www/vendor/laravel/framework/src/Illuminate/Pipeline/Pipeline.php(209): Illuminate\\Http\\Middleware\\TrustHosts->handle(Object(Illuminate\\Http\\Request), Object(Closure))
#67 /var/www/vendor/laravel/framework/src/Illuminate/Pipeline/Pipeline.php(127): Illuminate\\Pipeline\\Pipeline->Illuminate\\Pipeline\\{closure}(Object(Illuminate\\Http\\Request))
#68 /var/www/vendor/laravel/framework/src/Illuminate/Foundation/Http/Kernel.php(176): Illuminate\\Pipeline\\Pipeline->then(Object(Closure))
#69 /var/www/vendor/laravel/framework/src/Illuminate/Foundation/Http/Kernel.php(145): Illuminate\\Foundation\\Http\\Kernel->sendRequestThroughRouter(Object(Illuminate\\Http\\Request))
#70 /var/www/public/index.php(17): Illuminate\\Foundation\\Http\\Kernel->handle(Object(Illuminate\\Http\\Request))
#71 {main}
"} 
[2026-07-15 15:45:04] local.WARNING: ICS sync failed {"calendar_id":2,"url":"https://www.airbnb.es/calendar/ical/31939456.ics?t=55722ea5f773483d8b811c2a919bfb2a","error":"HTTP 429 al obtener la URL"} 
[2026-07-15 15:45:06] local.WARNING: ICS sync failed {"calendar_id":2,"url":"https://www.airbnb.es/calendar/ical/31939456.ics?t=55722ea5f773483d8b811c2a919bfb2a","error":"HTTP 429 al obtener la URL"} 
[2026-07-15 16:00:06] local.WARNING: ICS sync failed {"calendar_id":2,"url":"https://www.airbnb.es/calendar/ical/31939456.ics?t=55722ea5f773483d8b811c2a919bfb2a","error":"HTTP 429 al obtener la URL"} 
[2026-07-15 16:00:10] local.WARNING: ICS sync failed {"calendar_id":2,"url":"https://www.airbnb.es/calendar/ical/31939456.ics?t=55722ea5f773483d8b811c2a919bfb2a","error":"HTTP 429 al obtener la URL"} 
[2026-07-15 16:05:21] local.ERROR: There are no commands defined in the "checkin:" namespace.

Did you mean this?
    checkin {"exception":"[object] (Symfony\\Component\\Console\\Exception\\NamespaceNotFoundException(code: 0): There are no commands defined in the \"checkin:\" namespace.

Did you mean this?
    checkin at /var/www/vendor/symfony/console/Application.php:694)
[stacktrace]
#0 /var/www/vendor/symfony/console/Descriptor/ApplicationDescription.php(84): Symfony\\Component\\Console\\Application->findNamespace('checkin:')
#1 /var/www/vendor/symfony/console/Descriptor/ApplicationDescription.php(61): Symfony\\Component\\Console\\Descriptor\\ApplicationDescription->inspectApplication()
#2 /var/www/vendor/symfony/console/Descriptor/TextDescriptor.php(185): Symfony\\Component\\Console\\Descriptor\\ApplicationDescription->getCommands()
#3 /var/www/vendor/symfony/console/Descriptor/Descriptor.php(40): Symfony\\Component\\Console\\Descriptor\\TextDescriptor->describeApplication(Object(Illuminate\\Console\\Application), Array)
#4 /var/www/vendor/symfony/console/Helper/DescriptorHelper.php(67): Symfony\\Component\\Console\\Descriptor\\Descriptor->describe(Object(Symfony\\Component\\Console\\Output\\ConsoleOutput), Object(Illuminate\\Console\\Application), Array)
#5 /var/www/vendor/symfony/console/Command/ListCommand.php(63): Symfony\\Component\\Console\\Helper\\DescriptorHelper->describe(Object(Symfony\\Component\\Console\\Output\\ConsoleOutput), Object(Illuminate\\Console\\Application), Array)
#6 /var/www/vendor/symfony/console/Command/Command.php(341): Symfony\\Component\\Console\\Command\\ListCommand->execute(Object(Symfony\\Component\\Console\\Input\\ArgvInput), Object(Symfony\\Component\\Console\\Output\\ConsoleOutput))
#7 /var/www/vendor/symfony/console/Application.php(1117): Symfony\\Component\\Console\\Command\\Command->run(Object(Symfony\\Component\\Console\\Input\\ArgvInput), Object(Symfony\\Component\\Console\\Output\\ConsoleOutput))
#8 /var/www/vendor/symfony/console/Application.php(356): Symfony\\Component\\Console\\Application->doRunCommand(Object(Symfony\\Component\\Console\\Command\\ListCommand), Object(Symfony\\Component\\Console\\Input\\ArgvInput), Object(Symfony\\Component\\Console\\Output\\ConsoleOutput))
#9 /var/www/vendor/symfony/console/Application.php(195): Symfony\\Component\\Console\\Application->doRun(Object(Symfony\\Component\\Console\\Input\\ArgvInput), Object(Symfony\\Component\\Console\\Output\\ConsoleOutput))
#10 /var/www/vendor/laravel/framework/src/Illuminate/Foundation/Console/Kernel.php(198): Symfony\\Component\\Console\\Application->run(Object(Symfony\\Component\\Console\\Input\\ArgvInput), Object(Symfony\\Component\\Console\\Output\\ConsoleOutput))
#11 /var/www/artisan(12): Illuminate\\Foundation\\Console\\Kernel->handle(Object(Symfony\\Component\\Console\\Input\\ArgvInput), Object(Symfony\\Component\\Console\\Output\\ConsoleOutput))
#12 {main}
"} 
[2026-07-15 16:15:12] local.WARNING: ICS sync failed {"calendar_id":2,"url":"https://www.airbnb.es/calendar/ical/31939456.ics?t=55722ea5f773483d8b811c2a919bfb2a","error":"HTTP 429 al obtener la URL"} 
[2026-07-15 16:15:17] local.WARNING: ICS sync failed {"calendar_id":2,"url":"https://www.airbnb.es/calendar/ical/31939456.ics?t=55722ea5f773483d8b811c2a919bfb2a","error":"HTTP 429 al obtener la URL"} 
[2026-07-15 16:30:04] local.WARNING: ICS sync failed {"calendar_id":2,"url":"https://www.airbnb.es/calendar/ical/31939456.ics?t=55722ea5f773483d8b811c2a919bfb2a","error":"HTTP 429 al obtener la URL"} 
[2026-07-15 16:30:05] local.WARNING: ICS sync failed {"calendar_id":2,"url":"https://www.airbnb.es/calendar/ical/31939456.ics?t=55722ea5f773483d8b811c2a919bfb2a","error":"HTTP 429 al obtener la URL"} 
[2026-07-15 16:45:07] local.WARNING: ICS sync failed {"calendar_id":2,"url":"https://www.airbnb.es/calendar/ical/31939456.ics?t=55722ea5f773483d8b811c2a919bfb2a","error":"HTTP 429 al obtener la URL"} 
[2026-07-15 16:45:08] local.WARNING: ICS sync failed {"calendar_id":2,"url":"https://www.airbnb.es/calendar/ical/31939456.ics?t=55722ea5f773483d8b811c2a919bfb2a","error":"HTTP 429 al obtener la URL"} 
[2026-07-15 17:00:15] local.WARNING: ICS sync failed {"calendar_id":2,"url":"https://www.airbnb.es/calendar/ical/31939456.ics?t=55722ea5f773483d8b811c2a919bfb2a","error":"HTTP 429 al obtener la URL"} 
[2026-07-15 17:00:19] local.WARNING: ICS sync failed {"calendar_id":2,"url":"https://www.airbnb.es/calendar/ical/31939456.ics?t=55722ea5f773483d8b811c2a919bfb2a","error":"HTTP 429 al obtener la URL"} 
[2026-07-15 17:12:55] local.ERROR: There are no commands defined in the "checkin:" namespace.

Did you mean this?
    checkin {"exception":"[object] (Symfony\\Component\\Console\\Exception\\NamespaceNotFoundException(code: 0): There are no commands defined in the \"checkin:\" namespace.

Did you mean this?
    checkin at /var/www/vendor/symfony/console/Application.php:694)
[stacktrace]
#0 /var/www/vendor/symfony/console/Descriptor/ApplicationDescription.php(84): Symfony\\Component\\Console\\Application->findNamespace('checkin:')
#1 /var/www/vendor/symfony/console/Descriptor/ApplicationDescription.php(61): Symfony\\Component\\Console\\Descriptor\\ApplicationDescription->inspectApplication()
#2 /var/www/vendor/symfony/console/Descriptor/TextDescriptor.php(185): Symfony\\Component\\Console\\Descriptor\\ApplicationDescription->getCommands()
#3 /var/www/vendor/symfony/console/Descriptor/Descriptor.php(40): Symfony\\Component\\Console\\Descriptor\\TextDescriptor->describeApplication(Object(Illuminate\\Console\\Application), Array)
#4 /var/www/vendor/symfony/console/Helper/DescriptorHelper.php(67): Symfony\\Component\\Console\\Descriptor\\Descriptor->describe(Object(Symfony\\Component\\Console\\Output\\ConsoleOutput), Object(Illuminate\\Console\\Application), Array)
#5 /var/www/vendor/symfony/console/Command/ListCommand.php(63): Symfony\\Component\\Console\\Helper\\DescriptorHelper->describe(Object(Symfony\\Component\\Console\\Output\\ConsoleOutput), Object(Illuminate\\Console\\Application), Array)
#6 /var/www/vendor/symfony/console/Command/Command.php(341): Symfony\\Component\\Console\\Command\\ListCommand->execute(Object(Symfony\\Component\\Console\\Input\\ArgvInput), Object(Symfony\\Component\\Console\\Output\\ConsoleOutput))
#7 /var/www/vendor/symfony/console/Application.php(1117): Symfony\\Component\\Console\\Command\\Command->run(Object(Symfony\\Component\\Console\\Input\\ArgvInput), Object(Symfony\\Component\\Console\\Output\\ConsoleOutput))
#8 /var/www/vendor/symfony/console/Application.php(356): Symfony\\Component\\Console\\Application->doRunCommand(Object(Symfony\\Component\\Console\\Command\\ListCommand), Object(Symfony\\Component\\Console\\Input\\ArgvInput), Object(Symfony\\Component\\Console\\Output\\ConsoleOutput))
#9 /var/www/vendor/symfony/console/Application.php(195): Symfony\\Component\\Console\\Application->doRun(Object(Symfony\\Component\\Console\\Input\\ArgvInput), Object(Symfony\\Component\\Console\\Output\\ConsoleOutput))
#10 /var/www/vendor/laravel/framework/src/Illuminate/Foundation/Console/Kernel.php(198): Symfony\\Component\\Console\\Application->run(Object(Symfony\\Component\\Console\\Input\\ArgvInput), Object(Symfony\\Component\\Console\\Output\\ConsoleOutput))
#11 /var/www/artisan(12): Illuminate\\Foundation\\Console\\Kernel->handle(Object(Symfony\\Component\\Console\\Input\\ArgvInput), Object(Symfony\\Component\\Console\\Output\\ConsoleOutput))
#12 {main}
"} 
[2026-07-15 17:15:34] local.WARNING: ICS sync failed {"calendar_id":2,"url":"https://www.airbnb.es/calendar/ical/31939456.ics?t=55722ea5f773483d8b811c2a919bfb2a","error":"HTTP 429 al obtener la URL"} 
[2026-07-15 17:15:41] local.WARNING: ICS sync failed {"calendar_id":2,"url":"https://www.airbnb.es/calendar/ical/31939456.ics?t=55722ea5f773483d8b811c2a919bfb2a","error":"HTTP 429 al obtener la URL"} 
[2026-07-15 17:30:23] local.WARNING: ICS sync failed {"calendar_id":2,"url":"https://www.airbnb.es/calendar/ical/31939456.ics?t=55722ea5f773483d8b811c2a919bfb2a","error":"HTTP 429 al obtener la URL"} 
[2026-07-15 17:30:28] local.WARNING: ICS sync failed {"calendar_id":2,"url":"https://www.airbnb.es/calendar/ical/31939456.ics?t=55722ea5f773483d8b811c2a919bfb2a","error":"HTTP 429 al obtener la URL"} 
[2026-07-16 09:51:55] local.WARNING: ICS sync failed {"calendar_id":2,"url":"https://www.airbnb.es/calendar/ical/31939456.ics?t=55722ea5f773483d8b811c2a919bfb2a","error":"HTTP 429 al obtener la URL"} 
[2026-07-16 10:00:06] local.WARNING: ICS sync failed {"calendar_id":2,"url":"https://www.airbnb.es/calendar/ical/31939456.ics?t=55722ea5f773483d8b811c2a919bfb2a","error":"HTTP 429 al obtener la URL"} 
[2026-07-16 10:00:08] local.WARNING: ICS sync failed {"calendar_id":2,"url":"https://www.airbnb.es/calendar/ical/31939456.ics?t=55722ea5f773483d8b811c2a919bfb2a","error":"HTTP 429 al obtener la URL"} 
[2026-07-16 10:15:16] local.WARNING: ICS sync failed {"calendar_id":2,"url":"https://www.airbnb.es/calendar/ical/31939456.ics?t=55722ea5f773483d8b811c2a919bfb2a","error":"HTTP 429 al obtener la URL"} 
[2026-07-16 10:15:24] local.WARNING: ICS sync failed {"calendar_id":2,"url":"https://www.airbnb.es/calendar/ical/31939456.ics?t=55722ea5f773483d8b811c2a919bfb2a","error":"HTTP 429 al obtener la URL"} 
[2026-07-16 10:30:12] local.WARNING: ICS sync failed {"calendar_id":2,"url":"https://www.airbnb.es/calendar/ical/31939456.ics?t=55722ea5f773483d8b811c2a919bfb2a","error":"HTTP 429 al obtener la URL"} 
[2026-07-16 10:30:14] local.WARNING: ICS sync failed {"calendar_id":2,"url":"https://www.airbnb.es/calendar/ical/31939456.ics?t=55722ea5f773483d8b811c2a919bfb2a","error":"HTTP 429 al obtener la URL"} 
[2026-07-16 10:45:20] local.WARNING: ICS sync failed {"calendar_id":2,"url":"https://www.airbnb.es/calendar/ical/31939456.ics?t=55722ea5f773483d8b811c2a919bfb2a","error":"HTTP 429 al obtener la URL"} 
[2026-07-16 10:45:23] local.WARNING: ICS sync failed {"calendar_id":2,"url":"https://www.airbnb.es/calendar/ical/31939456.ics?t=55722ea5f773483d8b811c2a919bfb2a","error":"HTTP 429 al obtener la URL"} 
[2026-07-16 11:00:32] local.WARNING: ICS sync failed {"calendar_id":2,"url":"https://www.airbnb.es/calendar/ical/31939456.ics?t=55722ea5f773483d8b811c2a919bfb2a","error":"HTTP 429 al obtener la URL"} 
[2026-07-16 11:14:07] local.WARNING: ICS sync failed {"calendar_id":2,"url":"https://www.airbnb.es/calendar/ical/31939456.ics?t=55722ea5f773483d8b811c2a919bfb2a","error":"HTTP 429 al obtener la URL"} 
[2026-07-16 11:15:05] local.WARNING: ICS sync failed {"calendar_id":2,"url":"https://www.airbnb.es/calendar/ical/31939456.ics?t=55722ea5f773483d8b811c2a919bfb2a","error":"HTTP 429 al obtener la URL"} 
[2026-07-16 11:15:09] local.WARNING: ICS sync failed {"calendar_id":2,"url":"https://www.airbnb.es/calendar/ical/31939456.ics?t=55722ea5f773483d8b811c2a919bfb2a","error":"HTTP 429 al obtener la URL"} 
[2026-07-16 11:30:04] local.WARNING: ICS sync failed {"calendar_id":2,"url":"https://www.airbnb.es/calendar/ical/31939456.ics?t=55722ea5f773483d8b811c2a919bfb2a","error":"HTTP 429 al obtener la URL"} 
[2026-07-16 11:30:05] local.WARNING: ICS sync failed {"calendar_id":2,"url":"https://www.airbnb.es/calendar/ical/31939456.ics?t=55722ea5f773483d8b811c2a919bfb2a","error":"HTTP 429 al obtener la URL"} 
[2026-07-16 11:45:04] local.WARNING: ICS sync failed {"calendar_id":2,"url":"https://www.airbnb.es/calendar/ical/31939456.ics?t=55722ea5f773483d8b811c2a919bfb2a","error":"HTTP 429 al obtener la URL"} 
[2026-07-16 11:45:05] local.WARNING: ICS sync failed {"calendar_id":2,"url":"https://www.airbnb.es/calendar/ical/31939456.ics?t=55722ea5f773483d8b811c2a919bfb2a","error":"HTTP 429 al obtener la URL"} 
[2026-07-16 12:01:04] local.WARNING: ICS sync failed {"calendar_id":2,"url":"https://www.airbnb.es/calendar/ical/31939456.ics?t=55722ea5f773483d8b811c2a919bfb2a","error":"HTTP 429 al obtener la URL"} 
[2026-07-16 12:01:33] local.WARNING: ICS sync failed {"calendar_id":2,"url":"https://www.airbnb.es/calendar/ical/31939456.ics?t=55722ea5f773483d8b811c2a919bfb2a","error":"HTTP 429 al obtener la URL"} 
[2026-07-16 12:15:18] local.WARNING: ICS sync failed {"calendar_id":2,"url":"https://www.airbnb.es/calendar/ical/31939456.ics?t=55722ea5f773483d8b811c2a919bfb2a","error":"HTTP 429 al obtener la URL"} 
[2026-07-16 12:15:24] local.WARNING: ICS sync failed {"calendar_id":2,"url":"https://www.airbnb.es/calendar/ical/31939456.ics?t=55722ea5f773483d8b811c2a919bfb2a","error":"HTTP 429 al obtener la URL"} 
[2026-07-16 12:30:18] local.WARNING: ICS sync failed {"calendar_id":2,"url":"https://www.airbnb.es/calendar/ical/31939456.ics?t=55722ea5f773483d8b811c2a919bfb2a","error":"HTTP 429 al obtener la URL"} 
[2026-07-16 12:30:20] local.WARNING: ICS sync failed {"calendar_id":2,"url":"https://www.airbnb.es/calendar/ical/31939456.ics?t=55722ea5f773483d8b811c2a919bfb2a","error":"HTTP 429 al obtener la URL"} 
[2026-07-16 12:45:23] local.WARNING: ICS sync failed {"calendar_id":2,"url":"https://www.airbnb.es/calendar/ical/31939456.ics?t=55722ea5f773483d8b811c2a919bfb2a","error":"HTTP 429 al obtener la URL"} 
[2026-07-16 12:45:29] local.WARNING: ICS sync failed {"calendar_id":2,"url":"https://www.airbnb.es/calendar/ical/31939456.ics?t=55722ea5f773483d8b811c2a919bfb2a","error":"HTTP 429 al obtener la URL"} 
[2026-07-16 13:00:24] local.WARNING: ICS sync failed {"calendar_id":2,"url":"https://www.airbnb.es/calendar/ical/31939456.ics?t=55722ea5f773483d8b811c2a919bfb2a","error":"HTTP 429 al obtener la URL"} 
[2026-07-16 13:00:32] local.WARNING: ICS sync failed {"calendar_id":2,"url":"https://www.airbnb.es/calendar/ical/31939456.ics?t=55722ea5f773483d8b811c2a919bfb2a","error":"HTTP 429 al obtener la URL"} 
[2026-07-16 13:15:05] local.WARNING: ICS sync failed {"calendar_id":2,"url":"https://www.airbnb.es/calendar/ical/31939456.ics?t=55722ea5f773483d8b811c2a919bfb2a","error":"HTTP 429 al obtener la URL"} 
[2026-07-16 13:15:06] local.WARNING: ICS sync failed {"calendar_id":2,"url":"https://www.airbnb.es/calendar/ical/31939456.ics?t=55722ea5f773483d8b811c2a919bfb2a","error":"HTTP 429 al obtener la URL"} 
[2026-07-16 13:30:12] local.WARNING: ICS sync failed {"calendar_id":2,"url":"https://www.airbnb.es/calendar/ical/31939456.ics?t=55722ea5f773483d8b811c2a919bfb2a","error":"HTTP 429 al obtener la URL"} 
[2026-07-16 13:30:14] local.WARNING: ICS sync failed {"calendar_id":2,"url":"https://www.airbnb.es/calendar/ical/31939456.ics?t=55722ea5f773483d8b811c2a919bfb2a","error":"HTTP 429 al obtener la URL"} 
[2026-07-16 13:45:04] local.WARNING: ICS sync failed {"calendar_id":2,"url":"https://www.airbnb.es/calendar/ical/31939456.ics?t=55722ea5f773483d8b811c2a919bfb2a","error":"HTTP 429 al obtener la URL"} 
[2026-07-16 13:45:05] local.WARNING: ICS sync failed {"calendar_id":2,"url":"https://www.airbnb.es/calendar/ical/31939456.ics?t=55722ea5f773483d8b811c2a919bfb2a","error":"HTTP 429 al obtener la URL"} 
[2026-07-16 14:00:06] local.WARNING: ICS sync failed {"calendar_id":2,"url":"https://www.airbnb.es/calendar/ical/31939456.ics?t=55722ea5f773483d8b811c2a919bfb2a","error":"HTTP 429 al obtener la URL"} 
[2026-07-16 14:00:07] local.WARNING: ICS sync failed {"calendar_id":2,"url":"https://www.airbnb.es/calendar/ical/31939456.ics?t=55722ea5f773483d8b811c2a919bfb2a","error":"HTTP 429 al obtener la URL"} 
[2026-07-16 14:15:16] local.WARNING: ICS sync failed {"calendar_id":2,"url":"https://www.airbnb.es/calendar/ical/31939456.ics?t=55722ea5f773483d8b811c2a919bfb2a","error":"HTTP 429 al obtener la URL"} 
[2026-07-16 14:15:18] local.WARNING: ICS sync failed {"calendar_id":2,"url":"https://www.airbnb.es/calendar/ical/31939456.ics?t=55722ea5f773483d8b811c2a919bfb2a","error":"HTTP 429 al obtener la URL"} 
[2026-07-16 14:30:16] local.WARNING: ICS sync failed {"calendar_id":2,"url":"https://www.airbnb.es/calendar/ical/31939456.ics?t=55722ea5f773483d8b811c2a919bfb2a","error":"HTTP 429 al obtener la URL"} 
[2026-07-16 14:30:21] local.WARNING: ICS sync failed {"calendar_id":2,"url":"https://www.airbnb.es/calendar/ical/31939456.ics?t=55722ea5f773483d8b811c2a919bfb2a","error":"HTTP 429 al obtener la URL"} 
[2026-07-16 14:45:15] local.WARNING: ICS sync failed {"calendar_id":2,"url":"https://www.airbnb.es/calendar/ical/31939456.ics?t=55722ea5f773483d8b811c2a919bfb2a","error":"HTTP 429 al obtener la URL"} 
[2026-07-16 14:45:21] local.WARNING: ICS sync failed {"calendar_id":2,"url":"https://www.airbnb.es/calendar/ical/31939456.ics?t=55722ea5f773483d8b811c2a919bfb2a","error":"HTTP 429 al obtener la URL"} 
[2026-07-16 15:00:21] local.WARNING: ICS sync failed {"calendar_id":2,"url":"https://www.airbnb.es/calendar/ical/31939456.ics?t=55722ea5f773483d8b811c2a919bfb2a","error":"HTTP 429 al obtener la URL"} 
[2026-07-16 15:00:31] local.WARNING: ICS sync failed {"calendar_id":2,"url":"https://www.airbnb.es/calendar/ical/31939456.ics?t=55722ea5f773483d8b811c2a919bfb2a","error":"HTTP 429 al obtener la URL"} 
[2026-07-16 15:15:10] local.WARNING: ICS sync failed {"calendar_id":2,"url":"https://www.airbnb.es/calendar/ical/31939456.ics?t=55722ea5f773483d8b811c2a919bfb2a","error":"HTTP 429 al obtener la URL"} 
[2026-07-16 15:15:14] local.WARNING: ICS sync failed {"calendar_id":2,"url":"https://www.airbnb.es/calendar/ical/31939456.ics?t=55722ea5f773483d8b811c2a919bfb2a","error":"HTTP 429 al obtener la URL"} 
[2026-07-16 15:30:09] local.WARNING: ICS sync failed {"calendar_id":2,"url":"https://www.airbnb.es/calendar/ical/31939456.ics?t=55722ea5f773483d8b811c2a919bfb2a","error":"HTTP 429 al obtener la URL"} 
[2026-07-16 15:30:13] local.WARNING: ICS sync failed {"calendar_id":2,"url":"https://www.airbnb.es/calendar/ical/31939456.ics?t=55722ea5f773483d8b811c2a919bfb2a","error":"HTTP 429 al obtener la URL"} 
[2026-07-16 15:45:10] local.WARNING: ICS sync failed {"calendar_id":2,"url":"https://www.airbnb.es/calendar/ical/31939456.ics?t=55722ea5f773483d8b811c2a919bfb2a","error":"HTTP 429 al obtener la URL"} 
[2026-07-16 15:45:14] local.WARNING: ICS sync failed {"calendar_id":2,"url":"https://www.airbnb.es/calendar/ical/31939456.ics?t=55722ea5f773483d8b811c2a919bfb2a","error":"HTTP 429 al obtener la URL"} 
[2026-07-16 16:00:17] local.WARNING: ICS sync failed {"calendar_id":2,"url":"https://www.airbnb.es/calendar/ical/31939456.ics?t=55722ea5f773483d8b811c2a919bfb2a","error":"HTTP 429 al obtener la URL"} 
[2026-07-16 16:00:26] local.WARNING: ICS sync failed {"calendar_id":2,"url":"https://www.airbnb.es/calendar/ical/31939456.ics?t=55722ea5f773483d8b811c2a919bfb2a","error":"HTTP 429 al obtener la URL"} 
[2026-07-16 16:15:10] local.WARNING: ICS sync failed {"calendar_id":2,"url":"https://www.airbnb.es/calendar/ical/31939456.ics?t=55722ea5f773483d8b811c2a919bfb2a","error":"HTTP 429 al obtener la URL"} 
[2026-07-16 16:15:12] local.WARNING: ICS sync failed {"calendar_id":2,"url":"https://www.airbnb.es/calendar/ical/31939456.ics?t=55722ea5f773483d8b811c2a919bfb2a","error":"HTTP 429 al obtener la URL"} 
[2026-07-16 16:30:03] local.WARNING: ICS sync failed {"calendar_id":2,"url":"https://www.airbnb.es/calendar/ical/31939456.ics?t=55722ea5f773483d8b811c2a919bfb2a","error":"HTTP 429 al obtener la URL"} 
[2026-07-16 16:30:04] local.WARNING: ICS sync failed {"calendar_id":2,"url":"https://www.airbnb.es/calendar/ical/31939456.ics?t=55722ea5f773483d8b811c2a919bfb2a","error":"HTTP 429 al obtener la URL"} 
[2026-07-16 16:45:04] local.WARNING: ICS sync failed {"calendar_id":2,"url":"https://www.airbnb.es/calendar/ical/31939456.ics?t=55722ea5f773483d8b811c2a919bfb2a","error":"HTTP 429 al obtener la URL"} 
[2026-07-16 16:45:06] local.WARNING: ICS sync failed {"calendar_id":2,"url":"https://www.airbnb.es/calendar/ical/31939456.ics?t=55722ea5f773483d8b811c2a919bfb2a","error":"HTTP 429 al obtener la URL"} 
[2026-07-16 17:00:06] local.WARNING: ICS sync failed {"calendar_id":2,"url":"https://www.airbnb.es/calendar/ical/31939456.ics?t=55722ea5f773483d8b811c2a919bfb2a","error":"HTTP 429 al obtener la URL"} 
[2026-07-16 17:00:07] local.WARNING: ICS sync failed {"calendar_id":2,"url":"https://www.airbnb.es/calendar/ical/31939456.ics?t=55722ea5f773483d8b811c2a919bfb2a","error":"HTTP 429 al obtener la URL"} 
[2026-07-16 17:15:06] local.WARNING: ICS sync failed {"calendar_id":2,"url":"https://www.airbnb.es/calendar/ical/31939456.ics?t=55722ea5f773483d8b811c2a919bfb2a","error":"HTTP 429 al obtener la URL"} 
[2026-07-16 17:15:07] local.WARNING: ICS sync failed {"calendar_id":2,"url":"https://www.airbnb.es/calendar/ical/31939456.ics?t=55722ea5f773483d8b811c2a919bfb2a","error":"HTTP 429 al obtener la URL"} 
[2026-07-16 17:30:03] local.WARNING: ICS sync failed {"calendar_id":2,"url":"https://www.airbnb.es/calendar/ical/31939456.ics?t=55722ea5f773483d8b811c2a919bfb2a","error":"HTTP 429 al obtener la URL"} 
[2026-07-16 17:30:05] local.WARNING: ICS sync failed {"calendar_id":2,"url":"https://www.airbnb.es/calendar/ical/31939456.ics?t=55722ea5f773483d8b811c2a919bfb2a","error":"HTTP 429 al obtener la URL"} 
[2026-07-16 17:45:05] local.WARNING: ICS sync failed {"calendar_id":2,"url":"https://www.airbnb.es/calendar/ical/31939456.ics?t=55722ea5f773483d8b811c2a919bfb2a","error":"HTTP 429 al obtener la URL"} 
[2026-07-16 17:45:06] local.WARNING: ICS sync failed {"calendar_id":2,"url":"https://www.airbnb.es/calendar/ical/31939456.ics?t=55722ea5f773483d8b811c2a919bfb2a","error":"HTTP 429 al obtener la URL"} 
[2026-07-16 18:00:06] local.WARNING: ICS sync failed {"calendar_id":2,"url":"https://www.airbnb.es/calendar/ical/31939456.ics?t=55722ea5f773483d8b811c2a919bfb2a","error":"HTTP 429 al obtener la URL"} 
[2026-07-16 18:00:07] local.WARNING: ICS sync failed {"calendar_id":2,"url":"https://www.airbnb.es/calendar/ical/31939456.ics?t=55722ea5f773483d8b811c2a919bfb2a","error":"HTTP 429 al obtener la URL"} 
[2026-07-16 18:15:04] local.WARNING: ICS sync failed {"calendar_id":2,"url":"https://www.airbnb.es/calendar/ical/31939456.ics?t=55722ea5f773483d8b811c2a919bfb2a","error":"HTTP 429 al obtener la URL"} 
[2026-07-16 18:15:06] local.WARNING: ICS sync failed {"calendar_id":2,"url":"https://www.airbnb.es/calendar/ical/31939456.ics?t=55722ea5f773483d8b811c2a919bfb2a","error":"HTTP 429 al obtener la URL"} 
[2026-07-16 18:30:03] local.WARNING: ICS sync failed {"calendar_id":2,"url":"https://www.airbnb.es/calendar/ical/31939456.ics?t=55722ea5f773483d8b811c2a919bfb2a","error":"HTTP 429 al obtener la URL"} 
[2026-07-16 18:30:04] local.WARNING: ICS sync failed {"calendar_id":2,"url":"https://www.airbnb.es/calendar/ical/31939456.ics?t=55722ea5f773483d8b811c2a919bfb2a","error":"HTTP 429 al obtener la URL"} 
[2026-07-16 18:45:10] local.WARNING: ICS sync failed {"calendar_id":2,"url":"https://www.airbnb.es/calendar/ical/31939456.ics?t=55722ea5f773483d8b811c2a919bfb2a","error":"HTTP 429 al obtener la URL"} 
[2026-07-16 18:45:14] local.WARNING: ICS sync failed {"calendar_id":2,"url":"https://www.airbnb.es/calendar/ical/31939456.ics?t=55722ea5f773483d8b811c2a919bfb2a","error":"HTTP 429 al obtener la URL"} 
[2026-07-16 19:00:05] local.WARNING: ICS sync failed {"calendar_id":2,"url":"https://www.airbnb.es/calendar/ical/31939456.ics?t=55722ea5f773483d8b811c2a919bfb2a","error":"HTTP 429 al obtener la URL"} 
[2026-07-16 19:00:09] local.WARNING: ICS sync failed {"calendar_id":2,"url":"https://www.airbnb.es/calendar/ical/31939456.ics?t=55722ea5f773483d8b811c2a919bfb2a","error":"HTTP 429 al obtener la URL"} 
[2026-07-16 19:15:07] local.WARNING: ICS sync failed {"calendar_id":2,"url":"https://www.airbnb.es/calendar/ical/31939456.ics?t=55722ea5f773483d8b811c2a919bfb2a","error":"HTTP 429 al obtener la URL"} 
[2026-07-16 19:15:08] local.WARNING: ICS sync failed {"calendar_id":2,"url":"https://www.airbnb.es/calendar/ical/31939456.ics?t=55722ea5f773483d8b811c2a919bfb2a","error":"HTTP 429 al obtener la URL"} 
[2026-07-16 19:30:04] local.WARNING: ICS sync failed {"calendar_id":2,"url":"https://www.airbnb.es/calendar/ical/31939456.ics?t=55722ea5f773483d8b811c2a919bfb2a","error":"HTTP 429 al obtener la URL"} 
[2026-07-16 19:30:05] local.WARNING: ICS sync failed {"calendar_id":2,"url":"https://www.airbnb.es/calendar/ical/31939456.ics?t=55722ea5f773483d8b811c2a919bfb2a","error":"HTTP 429 al obtener la URL"} 
[2026-07-16 19:45:05] local.WARNING: ICS sync failed {"calendar_id":2,"url":"https://www.airbnb.es/calendar/ical/31939456.ics?t=55722ea5f773483d8b811c2a919bfb2a","error":"HTTP 429 al obtener la URL"} 
[2026-07-16 19:45:06] local.WARNING: ICS sync failed {"calendar_id":2,"url":"https://www.airbnb.es/calendar/ical/31939456.ics?t=55722ea5f773483d8b811c2a919bfb2a","error":"HTTP 429 al obtener la URL"} 
[2026-07-16 20:00:06] local.WARNING: ICS sync failed {"calendar_id":2,"url":"https://www.airbnb.es/calendar/ical/31939456.ics?t=55722ea5f773483d8b811c2a919bfb2a","error":"HTTP 429 al obtener la URL"} 
[2026-07-16 20:00:07] local.WARNING: ICS sync failed {"calendar_id":2,"url":"https://www.airbnb.es/calendar/ical/31939456.ics?t=55722ea5f773483d8b811c2a919bfb2a","error":"HTTP 429 al obtener la URL"} 
[2026-07-16 20:15:04] local.WARNING: ICS sync failed {"calendar_id":2,"url":"https://www.airbnb.es/calendar/ical/31939456.ics?t=55722ea5f773483d8b811c2a919bfb2a","error":"HTTP 429 al obtener la URL"} 
[2026-07-16 20:15:05] local.WARNING: ICS sync failed {"calendar_id":2,"url":"https://www.airbnb.es/calendar/ical/31939456.ics?t=55722ea5f773483d8b811c2a919bfb2a","error":"HTTP 429 al obtener la URL"} 
[2026-07-16 20:30:06] local.WARNING: ICS sync failed {"calendar_id":2,"url":"https://www.airbnb.es/calendar/ical/31939456.ics?t=55722ea5f773483d8b811c2a919bfb2a","error":"HTTP 429 al obtener la URL"} 
[2026-07-16 20:30:07] local.WARNING: ICS sync failed {"calendar_id":2,"url":"https://www.airbnb.es/calendar/ical/31939456.ics?t=55722ea5f773483d8b811c2a919bfb2a","error":"HTTP 429 al obtener la URL"} 
[2026-07-16 20:45:04] local.WARNING: ICS sync failed {"calendar_id":2,"url":"https://www.airbnb.es/calendar/ical/31939456.ics?t=55722ea5f773483d8b811c2a919bfb2a","error":"HTTP 429 al obtener la URL"} 
[2026-07-16 20:45:05] local.WARNING: ICS sync failed {"calendar_id":2,"url":"https://www.airbnb.es/calendar/ical/31939456.ics?t=55722ea5f773483d8b811c2a919bfb2a","error":"HTTP 429 al obtener la URL"} 
[2026-07-16 21:00:21] local.WARNING: ICS sync failed {"calendar_id":2,"url":"https://www.airbnb.es/calendar/ical/31939456.ics?t=55722ea5f773483d8b811c2a919bfb2a","error":"HTTP 429 al obtener la URL"} 
[2026-07-16 21:00:32] local.WARNING: ICS sync failed {"calendar_id":2,"url":"https://www.airbnb.es/calendar/ical/31939456.ics?t=55722ea5f773483d8b811c2a919bfb2a","error":"HTTP 429 al obtener la URL"} 
[2026-07-16 21:15:12] local.WARNING: ICS sync failed {"calendar_id":2,"url":"https://www.airbnb.es/calendar/ical/31939456.ics?t=55722ea5f773483d8b811c2a919bfb2a","error":"HTTP 429 al obtener la URL"} 
[2026-07-16 21:15:18] local.WARNING: ICS sync failed {"calendar_id":2,"url":"https://www.airbnb.es/calendar/ical/31939456.ics?t=55722ea5f773483d8b811c2a919bfb2a","error":"HTTP 429 al obtener la URL"} 
[2026-07-16 21:30:17] local.WARNING: ICS sync failed {"calendar_id":2,"url":"https://www.airbnb.es/calendar/ical/31939456.ics?t=55722ea5f773483d8b811c2a919bfb2a","error":"HTTP 429 al obtener la URL"} 
[2026-07-16 21:30:19] local.WARNING: ICS sync failed {"calendar_id":2,"url":"https://www.airbnb.es/calendar/ical/31939456.ics?t=55722ea5f773483d8b811c2a919bfb2a","error":"HTTP 429 al obtener la URL"} 
[2026-07-16 21:45:37] local.WARNING: ICS sync failed {"calendar_id":2,"url":"https://www.airbnb.es/calendar/ical/31939456.ics?t=55722ea5f773483d8b811c2a919bfb2a","error":"HTTP 429 al obtener la URL"} 
[2026-07-16 21:45:43] local.WARNING: ICS sync failed {"calendar_id":2,"url":"https://www.airbnb.es/calendar/ical/31939456.ics?t=55722ea5f773483d8b811c2a919bfb2a","error":"HTTP 429 al obtener la URL"} 
[2026-07-16 22:00:43] local.WARNING: ICS sync failed {"calendar_id":2,"url":"https://www.airbnb.es/calendar/ical/31939456.ics?t=55722ea5f773483d8b811c2a919bfb2a","error":"HTTP 429 al obtener la URL"} 
[2026-07-16 22:01:08] local.WARNING: ICS sync failed {"calendar_id":2,"url":"https://www.airbnb.es/calendar/ical/31939456.ics?t=55722ea5f773483d8b811c2a919bfb2a","error":"HTTP 429 al obtener la URL"} 
[2026-07-16 22:15:04] local.WARNING: ICS sync failed {"calendar_id":2,"url":"https://www.airbnb.es/calendar/ical/31939456.ics?t=55722ea5f773483d8b811c2a919bfb2a","error":"HTTP 429 al obtener la URL"} 
[2026-07-16 22:15:05] local.WARNING: ICS sync failed {"calendar_id":2,"url":"https://www.airbnb.es/calendar/ical/31939456.ics?t=55722ea5f773483d8b811c2a919bfb2a","error":"HTTP 429 al obtener la URL"} 
[2026-07-16 22:30:05] local.WARNING: ICS sync failed {"calendar_id":2,"url":"https://www.airbnb.es/calendar/ical/31939456.ics?t=55722ea5f773483d8b811c2a919bfb2a","error":"HTTP 429 al obtener la URL"} 
[2026-07-16 22:30:06] local.WARNING: ICS sync failed {"calendar_id":2,"url":"https://www.airbnb.es/calendar/ical/31939456.ics?t=55722ea5f773483d8b811c2a919bfb2a","error":"HTTP 429 al obtener la URL"} 
[2026-07-16 22:45:03] local.WARNING: ICS sync failed {"calendar_id":2,"url":"https://www.airbnb.es/calendar/ical/31939456.ics?t=55722ea5f773483d8b811c2a919bfb2a","error":"HTTP 429 al obtener la URL"} 
[2026-07-16 22:45:04] local.WARNING: ICS sync failed {"calendar_id":2,"url":"https://www.airbnb.es/calendar/ical/31939456.ics?t=55722ea5f773483d8b811c2a919bfb2a","error":"HTTP 429 al obtener la URL"} 
[2026-07-16 23:00:18] local.WARNING: ICS sync failed {"calendar_id":2,"url":"https://www.airbnb.es/calendar/ical/31939456.ics?t=55722ea5f773483d8b811c2a919bfb2a","error":"HTTP 429 al obtener la URL"} 
[2026-07-16 23:00:27] local.WARNING: ICS sync failed {"calendar_id":2,"url":"https://www.airbnb.es/calendar/ical/31939456.ics?t=55722ea5f773483d8b811c2a919bfb2a","error":"HTTP 429 al obtener la URL"} 
[2026-07-16 23:15:05] local.WARNING: ICS sync failed {"calendar_id":2,"url":"https://www.airbnb.es/calendar/ical/31939456.ics?t=55722ea5f773483d8b811c2a919bfb2a","error":"HTTP 429 al obtener la URL"} 
[2026-07-16 23:15:06] local.WARNING: ICS sync failed {"calendar_id":2,"url":"https://www.airbnb.es/calendar/ical/31939456.ics?t=55722ea5f773483d8b811c2a919bfb2a","error":"HTTP 429 al obtener la URL"} 
[2026-07-16 23:30:03] local.WARNING: ICS sync failed {"calendar_id":2,"url":"https://www.airbnb.es/calendar/ical/31939456.ics?t=55722ea5f773483d8b811c2a919bfb2a","error":"HTTP 429 al obtener la URL"} 
[2026-07-16 23:30:05] local.WARNING: ICS sync failed {"calendar_id":2,"url":"https://www.airbnb.es/calendar/ical/31939456.ics?t=55722ea5f773483d8b811c2a919bfb2a","error":"HTTP 429 al obtener la URL"} 
[2026-07-16 23:45:05] local.WARNING: ICS sync failed {"calendar_id":2,"url":"https://www.airbnb.es/calendar/ical/31939456.ics?t=55722ea5f773483d8b811c2a919bfb2a","error":"HTTP 429 al obtener la URL"} 
[2026-07-16 23:45:06] local.WARNING: ICS sync failed {"calendar_id":2,"url":"https://www.airbnb.es/calendar/ical/31939456.ics?t=55722ea5f773483d8b811c2a919bfb2a","error":"HTTP 429 al obtener la URL"} 
[2026-07-17 00:00:09] local.WARNING: ICS sync failed {"calendar_id":2,"url":"https://www.airbnb.es/calendar/ical/31939456.ics?t=55722ea5f773483d8b811c2a919bfb2a","error":"HTTP 429 al obtener la URL"} 
[2026-07-17 00:00:10] local.WARNING: ICS sync failed {"calendar_id":2,"url":"https://www.airbnb.es/calendar/ical/31939456.ics?t=55722ea5f773483d8b811c2a919bfb2a","error":"HTTP 429 al obtener la URL"} 
[2026-07-17 00:15:04] local.WARNING: ICS sync failed {"calendar_id":2,"url":"https://www.airbnb.es/calendar/ical/31939456.ics?t=55722ea5f773483d8b811c2a919bfb2a","error":"HTTP 429 al obtener la URL"} 
[2026-07-17 00:15:05] local.WARNING: ICS sync failed {"calendar_id":2,"url":"https://www.airbnb.es/calendar/ical/31939456.ics?t=55722ea5f773483d8b811c2a919bfb2a","error":"HTTP 429 al obtener la URL"} 
[2026-07-17 00:30:05] local.WARNING: ICS sync failed {"calendar_id":2,"url":"https://www.airbnb.es/calendar/ical/31939456.ics?t=55722ea5f773483d8b811c2a919bfb2a","error":"HTTP 429 al obtener la URL"} 
[2026-07-17 00:30:06] local.WARNING: ICS sync failed {"calendar_id":2,"url":"https://www.airbnb.es/calendar/ical/31939456.ics?t=55722ea5f773483d8b811c2a919bfb2a","error":"HTTP 429 al obtener la URL"} 
[2026-07-17 00:45:03] local.WARNING: ICS sync failed {"calendar_id":2,"url":"https://www.airbnb.es/calendar/ical/31939456.ics?t=55722ea5f773483d8b811c2a919bfb2a","error":"HTTP 429 al obtener la URL"} 
[2026-07-17 00:45:04] local.WARNING: ICS sync failed {"calendar_id":2,"url":"https://www.airbnb.es/calendar/ical/31939456.ics?t=55722ea5f773483d8b811c2a919bfb2a","error":"HTTP 429 al obtener la URL"} 
[2026-07-17 01:00:06] local.WARNING: ICS sync failed {"calendar_id":2,"url":"https://www.airbnb.es/calendar/ical/31939456.ics?t=55722ea5f773483d8b811c2a919bfb2a","error":"HTTP 429 al obtener la URL"} 
[2026-07-17 01:00:08] local.WARNING: ICS sync failed {"calendar_id":2,"url":"https://www.airbnb.es/calendar/ical/31939456.ics?t=55722ea5f773483d8b811c2a919bfb2a","error":"HTTP 429 al obtener la URL"} 
[2026-07-17 01:15:04] local.WARNING: ICS sync failed {"calendar_id":2,"url":"https://www.airbnb.es/calendar/ical/31939456.ics?t=55722ea5f773483d8b811c2a919bfb2a","error":"HTTP 429 al obtener la URL"} 
[2026-07-17 01:15:06] local.WARNING: ICS sync failed {"calendar_id":2,"url":"https://www.airbnb.es/calendar/ical/31939456.ics?t=55722ea5f773483d8b811c2a919bfb2a","error":"HTTP 429 al obtener la URL"} 
[2026-07-17 01:30:02] local.WARNING: ICS sync failed {"calendar_id":2,"url":"https://www.airbnb.es/calendar/ical/31939456.ics?t=55722ea5f773483d8b811c2a919bfb2a","error":"HTTP 429 al obtener la URL"} 
[2026-07-17 01:30:04] local.WARNING: ICS sync failed {"calendar_id":2,"url":"https://www.airbnb.es/calendar/ical/31939456.ics?t=55722ea5f773483d8b811c2a919bfb2a","error":"HTTP 429 al obtener la URL"} 
[2026-07-17 01:45:04] local.WARNING: ICS sync failed {"calendar_id":2,"url":"https://www.airbnb.es/calendar/ical/31939456.ics?t=55722ea5f773483d8b811c2a919bfb2a","error":"HTTP 429 al obtener la URL"} 
[2026-07-17 01:45:05] local.WARNING: ICS sync failed {"calendar_id":2,"url":"https://www.airbnb.es/calendar/ical/31939456.ics?t=55722ea5f773483d8b811c2a919bfb2a","error":"HTTP 429 al obtener la URL"} 
[2026-07-17 02:00:04] local.WARNING: ICS sync failed {"calendar_id":2,"url":"https://www.airbnb.es/calendar/ical/31939456.ics?t=55722ea5f773483d8b811c2a919bfb2a","error":"HTTP 429 al obtener la URL"} 
[2026-07-17 02:00:05] local.WARNING: ICS sync failed {"calendar_id":2,"url":"https://www.airbnb.es/calendar/ical/31939456.ics?t=55722ea5f773483d8b811c2a919bfb2a","error":"HTTP 429 al obtener la URL"} 
[2026-07-17 02:15:02] local.WARNING: ICS sync failed {"calendar_id":2,"url":"https://www.airbnb.es/calendar/ical/31939456.ics?t=55722ea5f773483d8b811c2a919bfb2a","error":"HTTP 429 al obtener la URL"} 
[2026-07-17 02:15:03] local.WARNING: ICS sync failed {"calendar_id":2,"url":"https://www.airbnb.es/calendar/ical/31939456.ics?t=55722ea5f773483d8b811c2a919bfb2a","error":"HTTP 429 al obtener la URL"} 
[2026-07-17 02:30:03] local.WARNING: ICS sync failed {"calendar_id":2,"url":"https://www.airbnb.es/calendar/ical/31939456.ics?t=55722ea5f773483d8b811c2a919bfb2a","error":"HTTP 429 al obtener la URL"} 
[2026-07-17 02:30:04] local.WARNING: ICS sync failed {"calendar_id":2,"url":"https://www.airbnb.es/calendar/ical/31939456.ics?t=55722ea5f773483d8b811c2a919bfb2a","error":"HTTP 429 al obtener la URL"} 
[2026-07-17 02:45:04] local.WARNING: ICS sync failed {"calendar_id":2,"url":"https://www.airbnb.es/calendar/ical/31939456.ics?t=55722ea5f773483d8b811c2a919bfb2a","error":"HTTP 429 al obtener la URL"} 
[2026-07-17 02:45:05] local.WARNING: ICS sync failed {"calendar_id":2,"url":"https://www.airbnb.es/calendar/ical/31939456.ics?t=55722ea5f773483d8b811c2a919bfb2a","error":"HTTP 429 al obtener la URL"} 
[2026-07-17 03:00:08] local.WARNING: ICS sync failed {"calendar_id":1,"url":"https://ical.booking.com/v1/export?t=6f7d55ce-4bd5-416e-a920-1096c7e1000c","error":"cURL error 6: Could not resolve host: ical.booking.com (see https://curl.se/libcurl/c/libcurl-errors.html) for https://ical.booking.com/v1/export?t=6f7d55ce-4bd5-416e-a920-1096c7e1000c"} 
[2026-07-17 03:00:12] local.WARNING: ICS sync failed {"calendar_id":2,"url":"https://www.airbnb.es/calendar/ical/31939456.ics?t=55722ea5f773483d8b811c2a919bfb2a","error":"cURL error 6: Could not resolve host: www.airbnb.es (see https://curl.se/libcurl/c/libcurl-errors.html) for https://www.airbnb.es/calendar/ical/31939456.ics?t=55722ea5f773483d8b811c2a919bfb2a"} 
[2026-07-17 03:00:16] local.WARNING: ICS sync failed {"calendar_id":1,"url":"https://ical.booking.com/v1/export?t=6f7d55ce-4bd5-416e-a920-1096c7e1000c","error":"cURL error 6: Could not resolve host: ical.booking.com (see https://curl.se/libcurl/c/libcurl-errors.html) for https://ical.booking.com/v1/export?t=6f7d55ce-4bd5-416e-a920-1096c7e1000c"} 
[2026-07-17 03:00:20] local.WARNING: ICS sync failed {"calendar_id":2,"url":"https://www.airbnb.es/calendar/ical/31939456.ics?t=55722ea5f773483d8b811c2a919bfb2a","error":"cURL error 6: Could not resolve host: www.airbnb.es (see https://curl.se/libcurl/c/libcurl-errors.html) for https://www.airbnb.es/calendar/ical/31939456.ics?t=55722ea5f773483d8b811c2a919bfb2a"} 
[2026-07-17 03:15:04] local.WARNING: ICS sync failed {"calendar_id":2,"url":"https://www.airbnb.es/calendar/ical/31939456.ics?t=55722ea5f773483d8b811c2a919bfb2a","error":"HTTP 429 al obtener la URL"} 
[2026-07-17 03:15:05] local.WARNING: ICS sync failed {"calendar_id":2,"url":"https://www.airbnb.es/calendar/ical/31939456.ics?t=55722ea5f773483d8b811c2a919bfb2a","error":"HTTP 429 al obtener la URL"} 
[2026-07-17 03:30:02] local.WARNING: ICS sync failed {"calendar_id":2,"url":"https://www.airbnb.es/calendar/ical/31939456.ics?t=55722ea5f773483d8b811c2a919bfb2a","error":"HTTP 429 al obtener la URL"} 
[2026-07-17 03:30:03] local.WARNING: ICS sync failed {"calendar_id":2,"url":"https://www.airbnb.es/calendar/ical/31939456.ics?t=55722ea5f773483d8b811c2a919bfb2a","error":"HTTP 429 al obtener la URL"} 
[2026-07-17 03:45:03] local.WARNING: ICS sync failed {"calendar_id":2,"url":"https://www.airbnb.es/calendar/ical/31939456.ics?t=55722ea5f773483d8b811c2a919bfb2a","error":"HTTP 429 al obtener la URL"} 
[2026-07-17 03:45:04] local.WARNING: ICS sync failed {"calendar_id":2,"url":"https://www.airbnb.es/calendar/ical/31939456.ics?t=55722ea5f773483d8b811c2a919bfb2a","error":"HTTP 429 al obtener la URL"} 
[2026-07-17 04:00:04] local.WARNING: ICS sync failed {"calendar_id":2,"url":"https://www.airbnb.es/calendar/ical/31939456.ics?t=55722ea5f773483d8b811c2a919bfb2a","error":"HTTP 429 al obtener la URL"} 
[2026-07-17 04:00:08] local.WARNING: ICS sync failed {"calendar_id":2,"url":"https://www.airbnb.es/calendar/ical/31939456.ics?t=55722ea5f773483d8b811c2a919bfb2a","error":"HTTP 429 al obtener la URL"} 
[2026-07-17 04:15:04] local.WARNING: ICS sync failed {"calendar_id":2,"url":"https://www.airbnb.es/calendar/ical/31939456.ics?t=55722ea5f773483d8b811c2a919bfb2a","error":"HTTP 429 al obtener la URL"} 
[2026-07-17 04:15:05] local.WARNING: ICS sync failed {"calendar_id":2,"url":"https://www.airbnb.es/calendar/ical/31939456.ics?t=55722ea5f773483d8b811c2a919bfb2a","error":"HTTP 429 al obtener la URL"} 
[2026-07-17 04:30:02] local.WARNING: ICS sync failed {"calendar_id":2,"url":"https://www.airbnb.es/calendar/ical/31939456.ics?t=55722ea5f773483d8b811c2a919bfb2a","error":"HTTP 429 al obtener la URL"} 
[2026-07-17 04:30:03] local.WARNING: ICS sync failed {"calendar_id":2,"url":"https://www.airbnb.es/calendar/ical/31939456.ics?t=55722ea5f773483d8b811c2a919bfb2a","error":"HTTP 429 al obtener la URL"} 
[2026-07-17 04:45:03] local.WARNING: ICS sync failed {"calendar_id":2,"url":"https://www.airbnb.es/calendar/ical/31939456.ics?t=55722ea5f773483d8b811c2a919bfb2a","error":"HTTP 429 al obtener la URL"} 
[2026-07-17 04:45:04] local.WARNING: ICS sync failed {"calendar_id":2,"url":"https://www.airbnb.es/calendar/ical/31939456.ics?t=55722ea5f773483d8b811c2a919bfb2a","error":"HTTP 429 al obtener la URL"} 
[2026-07-17 05:00:04] local.WARNING: ICS sync failed {"calendar_id":2,"url":"https://www.airbnb.es/calendar/ical/31939456.ics?t=55722ea5f773483d8b811c2a919bfb2a","error":"HTTP 429 al obtener la URL"} 
[2026-07-17 05:00:08] local.WARNING: ICS sync failed {"calendar_id":2,"url":"https://www.airbnb.es/calendar/ical/31939456.ics?t=55722ea5f773483d8b811c2a919bfb2a","error":"HTTP 429 al obtener la URL"} 
[2026-07-17 05:15:04] local.WARNING: ICS sync failed {"calendar_id":2,"url":"https://www.airbnb.es/calendar/ical/31939456.ics?t=55722ea5f773483d8b811c2a919bfb2a","error":"HTTP 429 al obtener la URL"} 
[2026-07-17 05:15:05] local.WARNING: ICS sync failed {"calendar_id":2,"url":"https://www.airbnb.es/calendar/ical/31939456.ics?t=55722ea5f773483d8b811c2a919bfb2a","error":"HTTP 429 al obtener la URL"} 
[2026-07-17 05:30:02] local.WARNING: ICS sync failed {"calendar_id":2,"url":"https://www.airbnb.es/calendar/ical/31939456.ics?t=55722ea5f773483d8b811c2a919bfb2a","error":"HTTP 429 al obtener la URL"} 
[2026-07-17 05:30:04] local.WARNING: ICS sync failed {"calendar_id":2,"url":"https://www.airbnb.es/calendar/ical/31939456.ics?t=55722ea5f773483d8b811c2a919bfb2a","error":"HTTP 429 al obtener la URL"} 
[2026-07-17 05:45:03] local.WARNING: ICS sync failed {"calendar_id":2,"url":"https://www.airbnb.es/calendar/ical/31939456.ics?t=55722ea5f773483d8b811c2a919bfb2a","error":"HTTP 429 al obtener la URL"} 
[2026-07-17 05:45:04] local.WARNING: ICS sync failed {"calendar_id":2,"url":"https://www.airbnb.es/calendar/ical/31939456.ics?t=55722ea5f773483d8b811c2a919bfb2a","error":"HTTP 429 al obtener la URL"} 
[2026-07-17 06:00:04] local.WARNING: ICS sync failed {"calendar_id":2,"url":"https://www.airbnb.es/calendar/ical/31939456.ics?t=55722ea5f773483d8b811c2a919bfb2a","error":"HTTP 429 al obtener la URL"} 
[2026-07-17 06:00:05] local.WARNING: ICS sync failed {"calendar_id":2,"url":"https://www.airbnb.es/calendar/ical/31939456.ics?t=55722ea5f773483d8b811c2a919bfb2a","error":"HTTP 429 al obtener la URL"} 
[2026-07-17 06:15:05] local.WARNING: ICS sync failed {"calendar_id":2,"url":"https://www.airbnb.es/calendar/ical/31939456.ics?t=55722ea5f773483d8b811c2a919bfb2a","error":"HTTP 429 al obtener la URL"} 
[2026-07-17 06:15:06] local.WARNING: ICS sync failed {"calendar_id":2,"url":"https://www.airbnb.es/calendar/ical/31939456.ics?t=55722ea5f773483d8b811c2a919bfb2a","error":"HTTP 429 al obtener la URL"} 
[2026-07-17 06:30:02] local.WARNING: ICS sync failed {"calendar_id":2,"url":"https://www.airbnb.es/calendar/ical/31939456.ics?t=55722ea5f773483d8b811c2a919bfb2a","error":"HTTP 429 al obtener la URL"} 
[2026-07-17 06:30:03] local.WARNING: ICS sync failed {"calendar_id":2,"url":"https://www.airbnb.es/calendar/ical/31939456.ics?t=55722ea5f773483d8b811c2a919bfb2a","error":"HTTP 429 al obtener la URL"} 
[2026-07-17 06:45:03] local.WARNING: ICS sync failed {"calendar_id":2,"url":"https://www.airbnb.es/calendar/ical/31939456.ics?t=55722ea5f773483d8b811c2a919bfb2a","error":"HTTP 429 al obtener la URL"} 
[2026-07-17 06:45:04] local.WARNING: ICS sync failed {"calendar_id":2,"url":"https://www.airbnb.es/calendar/ical/31939456.ics?t=55722ea5f773483d8b811c2a919bfb2a","error":"HTTP 429 al obtener la URL"} 
[2026-07-17 07:00:04] local.WARNING: ICS sync failed {"calendar_id":2,"url":"https://www.airbnb.es/calendar/ical/31939456.ics?t=55722ea5f773483d8b811c2a919bfb2a","error":"HTTP 429 al obtener la URL"} 
[2026-07-17 07:00:05] local.WARNING: ICS sync failed {"calendar_id":2,"url":"https://www.airbnb.es/calendar/ical/31939456.ics?t=55722ea5f773483d8b811c2a919bfb2a","error":"HTTP 429 al obtener la URL"} 
[2026-07-17 07:15:05] local.WARNING: ICS sync failed {"calendar_id":2,"url":"https://www.airbnb.es/calendar/ical/31939456.ics?t=55722ea5f773483d8b811c2a919bfb2a","error":"HTTP 429 al obtener la URL"} 
[2026-07-17 07:15:06] local.WARNING: ICS sync failed {"calendar_id":2,"url":"https://www.airbnb.es/calendar/ical/31939456.ics?t=55722ea5f773483d8b811c2a919bfb2a","error":"HTTP 429 al obtener la URL"} 
[2026-07-17 07:30:03] local.WARNING: ICS sync failed {"calendar_id":2,"url":"https://www.airbnb.es/calendar/ical/31939456.ics?t=55722ea5f773483d8b811c2a919bfb2a","error":"HTTP 429 al obtener la URL"} 
[2026-07-17 07:30:04] local.WARNING: ICS sync failed {"calendar_id":2,"url":"https://www.airbnb.es/calendar/ical/31939456.ics?t=55722ea5f773483d8b811c2a919bfb2a","error":"HTTP 429 al obtener la URL"} 
[2026-07-17 07:45:03] local.WARNING: ICS sync failed {"calendar_id":2,"url":"https://www.airbnb.es/calendar/ical/31939456.ics?t=55722ea5f773483d8b811c2a919bfb2a","error":"HTTP 429 al obtener la URL"} 
[2026-07-17 07:45:04] local.WARNING: ICS sync failed {"calendar_id":2,"url":"https://www.airbnb.es/calendar/ical/31939456.ics?t=55722ea5f773483d8b811c2a919bfb2a","error":"HTTP 429 al obtener la URL"} 
[2026-07-17 08:00:04] local.WARNING: ICS sync failed {"calendar_id":2,"url":"https://www.airbnb.es/calendar/ical/31939456.ics?t=55722ea5f773483d8b811c2a919bfb2a","error":"HTTP 429 al obtener la URL"} 
[2026-07-17 08:00:05] local.WARNING: ICS sync failed {"calendar_id":2,"url":"https://www.airbnb.es/calendar/ical/31939456.ics?t=55722ea5f773483d8b811c2a919bfb2a","error":"HTTP 429 al obtener la URL"} 
[2026-07-17 08:15:02] local.WARNING: ICS sync failed {"calendar_id":2,"url":"https://www.airbnb.es/calendar/ical/31939456.ics?t=55722ea5f773483d8b811c2a919bfb2a","error":"HTTP 429 al obtener la URL"} 
[2026-07-17 08:15:03] local.WARNING: ICS sync failed {"calendar_id":2,"url":"https://www.airbnb.es/calendar/ical/31939456.ics?t=55722ea5f773483d8b811c2a919bfb2a","error":"HTTP 429 al obtener la URL"} 
[2026-07-17 08:30:03] local.WARNING: ICS sync failed {"calendar_id":2,"url":"https://www.airbnb.es/calendar/ical/31939456.ics?t=55722ea5f773483d8b811c2a919bfb2a","error":"HTTP 429 al obtener la URL"} 
[2026-07-17 08:30:04] local.WARNING: ICS sync failed {"calendar_id":2,"url":"https://www.airbnb.es/calendar/ical/31939456.ics?t=55722ea5f773483d8b811c2a919bfb2a","error":"HTTP 429 al obtener la URL"} 
[2026-07-17 08:45:04] local.WARNING: ICS sync failed {"calendar_id":2,"url":"https://www.airbnb.es/calendar/ical/31939456.ics?t=55722ea5f773483d8b811c2a919bfb2a","error":"HTTP 429 al obtener la URL"} 
[2026-07-17 08:45:05] local.WARNING: ICS sync failed {"calendar_id":2,"url":"https://www.airbnb.es/calendar/ical/31939456.ics?t=55722ea5f773483d8b811c2a919bfb2a","error":"HTTP 429 al obtener la URL"} 
